source,lesion_id,split
barcelona,IL_0016184,test
barcelona,IL_0030565,train
barcelona,IL_0047580,train
barcelona,IL_0058898,train
barcelona,IL_0060377,test
barcelona,IL_0085453,train
barcelona,IL_0087361,test
barcelona,IL_0093788,val
barcelona,IL_0098822,train
barcelona,IL_0114856,train
barcelona,IL_0140842,train
barcelona,IL_0150057,train
barcelona,IL_0152423,train
barcelona,IL_0154145,train
barcelona,IL_0193324,test
barcelona,IL_0193830,train
barcelona,IL_0199974,train
barcelona,IL_0232212,train
barcelona,IL_0240273,train
barcelona,IL_0250492,train
barcelona,IL_0252495,train
barcelona,IL_0257309,val
barcelona,IL_0264097,train
barcelona,IL_0286635,val
barcelona,IL_0296824,train
barcelona,IL_0297743,val
barcelona,IL_0302177,train
barcelona,IL_0303748,val
barcelona,IL_0310023,train
barcelona,IL_0315665,val
barcelona,IL_0317249,train
barcelona,IL_0326582,train
barcelona,IL_0338166,val
barcelona,IL_0341518,train
barcelona,IL_0361017,test
barcelona,IL_0362786,train
barcelona,IL_0374045,val
barcelona,IL_0374168,train
barcelona,IL_0386519,test
barcelona,IL_0393726,train
barcelona,IL_0395575,train
barcelona,IL_0405704,train
barcelona,IL_0408427,train
barcelona,IL_0441393,train
barcelona,IL_0441535,train
barcelona,IL_0448028,test
barcelona,IL_0449110,val
barcelona,IL_0450471,train
barcelona,IL_0458230,train
barcelona,IL_0465587,train
barcelona,IL_0467957,train
barcelona,IL_0469232,train
barcelona,IL_0477303,train
barcelona,IL_0498050,test
barcelona,IL_0509127,train
barcelona,IL_0509207,train
barcelona,IL_0512778,train
barcelona,IL_0519637,test
barcelona,IL_0520655,train
barcelona,IL_0528390,test
barcelona,IL_0533006,train
barcelona,IL_0546361,train
barcelona,IL_0552958,train
barcelona,IL_0554525,train
barcelona,IL_0555699,train
barcelona,IL_0560490,train
barcelona,IL_0562713,train
barcelona,IL_0572554,train
barcelona,IL_0580384,train
barcelona,IL_0606934,train
barcelona,IL_0610982,train
barcelona,IL_0629972,test
barcelona,IL_0637871,train
barcelona,IL_0648958,train
barcelona,IL_0670658,train
barcelona,IL_0682521,train
barcelona,IL_0697893,train
barcelona,IL_0701162,train
barcelona,IL_0706815,train
barcelona,IL_0718304,val
barcelona,IL_0723048,train
barcelona,IL_0725348,val
barcelona,IL_0737273,val
barcelona,IL_0751897,train
barcelona,IL_0772398,train
barcelona,IL_0778369,train
barcelona,IL_0791437,train
barcelona,IL_0792295,train
barcelona,IL_0798675,train
barcelona,IL_0804454,train
barcelona,IL_0812476,train
barcelona,IL_0863442,train
barcelona,IL_0873937,val
barcelona,IL_0876553,train
barcelona,IL_0877350,val
barcelona,IL_0877517,train
barcelona,IL_0878539,train
barcelona,IL_0883150,val
barcelona,IL_0910649,val
barcelona,IL_0916261,train
barcelona,IL_0918162,train
barcelona,IL_0923388,train
barcelona,IL_0925474,train
barcelona,IL_0936762,test
barcelona,IL_0949836,train
barcelona,IL_0950548,train
barcelona,IL_0953690,train
barcelona,IL_0956772,train
barcelona,IL_0957509,train
barcelona,IL_0957844,test
barcelona,IL_0959243,train
barcelona,IL_0970727,train
barcelona,IL_0977054,train
barcelona,IL_0985390,train
barcelona,IL_0988742,val
barcelona,IL_1017657,train
barcelona,IL_1023989,test
barcelona,IL_1024470,test
barcelona,IL_1039997,train
barcelona,IL_1040321,train
barcelona,IL_1048640,train
barcelona,IL_1053722,train
barcelona,IL_1058395,test
barcelona,IL_1071094,train
barcelona,IL_1082450,train
barcelona,IL_1093275,test
barcelona,IL_1094920,train
barcelona,IL_1104075,train
barcelona,IL_1107321,train
barcelona,IL_1127006,train
barcelona,IL_1130599,train
barcelona,IL_1142433,test
barcelona,IL_1150966,train
barcelona,IL_1165829,test
barcelona,IL_1173762,train
barcelona,IL_1201388,train
barcelona,IL_1206168,train
barcelona,IL_1209436,train
barcelona,IL_1212301,train
barcelona,IL_1227710,train
barcelona,IL_1229130,test
barcelona,IL_1255519,test
barcelona,IL_1266229,val
barcelona,IL_1270450,train
barcelona,IL_1282586,train
barcelona,IL_1287317,train
barcelona,IL_1293880,test
barcelona,IL_1314633,train
barcelona,IL_1318581,val
barcelona,IL_1332147,val
barcelona,IL_1359483,train
barcelona,IL_1364455,train
barcelona,IL_1366247,train
barcelona,IL_1375086,train
barcelona,IL_1381379,train
barcelona,IL_1397793,train
barcelona,IL_1413771,val
barcelona,IL_1426940,test
barcelona,IL_1439266,train
barcelona,IL_1441054,train
barcelona,IL_1455295,train
barcelona,IL_1467300,test
barcelona,IL_1467471,val
barcelona,IL_1471501,train
barcelona,IL_1485669,train
barcelona,IL_1494027,train
barcelona,IL_1505126,val
barcelona,IL_1517515,val
barcelona,IL_1526626,train
barcelona,IL_1526814,train
barcelona,IL_1538067,train
barcelona,IL_1547579,train
barcelona,IL_1563356,val
barcelona,IL_1572034,train
barcelona,IL_1572680,train
barcelona,IL_1573069,test
barcelona,IL_1586179,train
barcelona,IL_1586408,val
barcelona,IL_1589657,train
barcelona,IL_1594792,train
barcelona,IL_1602418,train
barcelona,IL_1604930,val
barcelona,IL_1616972,train
barcelona,IL_1638493,train
barcelona,IL_1673794,train
barcelona,IL_1678378,train
barcelona,IL_1686440,train
barcelona,IL_1693861,train
barcelona,IL_1724935,train
barcelona,IL_1725144,train
barcelona,IL_1733482,train
barcelona,IL_1734394,train
barcelona,IL_1781646,val
barcelona,IL_1781719,train
barcelona,IL_1785691,train
barcelona,IL_1788716,test
barcelona,IL_1796705,train
barcelona,IL_1801388,train
barcelona,IL_1819949,val
barcelona,IL_1834312,train
barcelona,IL_1858368,train
barcelona,IL_1859504,val
barcelona,IL_1861342,train
barcelona,IL_1865289,train
barcelona,IL_1876389,test
barcelona,IL_1885922,train
barcelona,IL_1888401,val
barcelona,IL_1899142,train
barcelona,IL_1902931,test
barcelona,IL_1916543,train
barcelona,IL_1929539,train
barcelona,IL_1930193,val
barcelona,IL_1941607,train
barcelona,IL_1943575,train
barcelona,IL_1945585,train
barcelona,IL_1957774,val
barcelona,IL_1964850,val
barcelona,IL_1972535,train
barcelona,IL_1982828,train
barcelona,IL_1992533,train
barcelona,IL_1996211,test
barcelona,IL_1996348,train
barcelona,IL_1998248,val
barcelona,IL_2001298,train
barcelona,IL_2011779,train
barcelona,IL_2013423,val
barcelona,IL_2018114,val
barcelona,IL_2025597,train
barcelona,IL_2038850,train
barcelona,IL_2041045,train
barcelona,IL_2041607,train
barcelona,IL_2043397,train
barcelona,IL_2044027,train
barcelona,IL_2052745,train
barcelona,IL_2053601,train
barcelona,IL_2054086,train
barcelona,IL_2055207,train
barcelona,IL_2064165,train
barcelona,IL_2081630,train
barcelona,IL_2093376,train
barcelona,IL_2132186,test
barcelona,IL_2155813,train
barcelona,IL_2159166,train
barcelona,IL_2164434,train
barcelona,IL_2165932,train
barcelona,IL_2168962,train
barcelona,IL_2202505,train
barcelona,IL_2203528,train
barcelona,IL_2207570,train
barcelona,IL_2210379,train
barcelona,IL_2220015,test
barcelona,IL_2238932,train
barcelona,IL_2250372,train
barcelona,IL_2258358,test
barcelona,IL_2268033,train
barcelona,IL_2278987,train
barcelona,IL_2303062,test
barcelona,IL_2310164,train
barcelona,IL_2311669,train
barcelona,IL_2335997,val
barcelona,IL_2342203,train
barcelona,IL_2346732,train
barcelona,IL_2352288,test
barcelona,IL_2391355,test
barcelona,IL_2402035,test
barcelona,IL_2409491,train
barcelona,IL_2418816,test
barcelona,IL_2420537,val
barcelona,IL_2427569,train
barcelona,IL_2449950,train
barcelona,IL_2452555,test
barcelona,IL_2459455,val
barcelona,IL_2459680,train
barcelona,IL_2460818,train
barcelona,IL_2462691,train
barcelona,IL_2464875,train
barcelona,IL_2465102,test
barcelona,IL_2469483,test
barcelona,IL_2475716,test
barcelona,IL_2497137,train
barcelona,IL_2498474,train
barcelona,IL_2526238,test
barcelona,IL_2528861,train
barcelona,IL_2530067,train
barcelona,IL_2532281,val
barcelona,IL_2537182,test
barcelona,IL_2548332,train
barcelona,IL_2554357,train
barcelona,IL_2566220,train
barcelona,IL_2572114,val
barcelona,IL_2597703,train
barcelona,IL_2609086,train
barcelona,IL_2609216,train
barcelona,IL_2610826,train
barcelona,IL_2615098,test
barcelona,IL_2656669,train
barcelona,IL_2670899,train
barcelona,IL_2684200,test
barcelona,IL_2686595,val
barcelona,IL_2692205,train
barcelona,IL_2695229,train
barcelona,IL_2704109,test
barcelona,IL_2718978,train
barcelona,IL_2728910,train
barcelona,IL_2755867,train
barcelona,IL_2761873,train
barcelona,IL_2765888,train
barcelona,IL_2774174,train
barcelona,IL_2786958,train
barcelona,IL_2787423,train
barcelona,IL_2788235,train
barcelona,IL_2795172,train
barcelona,IL_2826258,train
barcelona,IL_2826880,test
barcelona,IL_2846360,test
barcelona,IL_2846439,val
barcelona,IL_2848515,train
barcelona,IL_2865393,train
barcelona,IL_2870189,val
barcelona,IL_2872865,train
barcelona,IL_2874048,train
barcelona,IL_2896868,test
barcelona,IL_2900486,train
barcelona,IL_2904108,test
barcelona,IL_2909958,train
barcelona,IL_2921324,train
barcelona,IL_2928942,train
barcelona,IL_2931990,train
barcelona,IL_2938225,train
barcelona,IL_2945559,val
barcelona,IL_2948601,train
barcelona,IL_2949698,train
barcelona,IL_2949833,train
barcelona,IL_2950533,train
barcelona,IL_2967030,train
barcelona,IL_2969638,test
barcelona,IL_2970611,train
barcelona,IL_2972151,train
barcelona,IL_2984187,train
barcelona,IL_2991568,train
barcelona,IL_2994329,val
barcelona,IL_3002211,test
barcelona,IL_3003813,train
barcelona,IL_3006737,train
barcelona,IL_3011108,train
barcelona,IL_3019868,train
barcelona,IL_3020075,train
barcelona,IL_3020503,test
barcelona,IL_3027879,test
barcelona,IL_3031925,val
barcelona,IL_3038334,test
barcelona,IL_3048409,train
barcelona,IL_3089926,train
barcelona,IL_3093298,test
barcelona,IL_3096654,train
barcelona,IL_3098937,train
barcelona,IL_3110142,train
barcelona,IL_3113538,train
barcelona,IL_3123335,train
barcelona,IL_3130391,train
barcelona,IL_3139249,train
barcelona,IL_3177316,train
barcelona,IL_3182693,train
barcelona,IL_3191592,train
barcelona,IL_3205567,train
barcelona,IL_3210803,test
barcelona,IL_3212132,train
barcelona,IL_3217713,train
barcelona,IL_3221563,test
barcelona,IL_3227905,train
barcelona,IL_3230185,train
barcelona,IL_3237154,train
barcelona,IL_3249850,train
barcelona,IL_3265194,train
barcelona,IL_3268432,test
barcelona,IL_3271302,train
barcelona,IL_3274133,test
barcelona,IL_3275262,val
barcelona,IL_3277045,test
barcelona,IL_3278279,test
barcelona,IL_3289786,test
barcelona,IL_3295728,train
barcelona,IL_3298512,train
barcelona,IL_3306098,train
barcelona,IL_3324197,train
barcelona,IL_3330938,train
barcelona,IL_3333159,train
barcelona,IL_3334706,train
barcelona,IL_3361170,train
barcelona,IL_3362063,train
barcelona,IL_3364730,val
barcelona,IL_3366184,train
barcelona,IL_3371829,train
barcelona,IL_3377009,val
barcelona,IL_3403247,val
barcelona,IL_3404823,train
barcelona,IL_3415364,test
barcelona,IL_3448741,val
barcelona,IL_3470449,train
barcelona,IL_3485117,train
barcelona,IL_3492726,train
barcelona,IL_3502382,train
barcelona,IL_3503044,test
barcelona,IL_3504725,train
barcelona,IL_3510554,train
barcelona,IL_3519554,train
barcelona,IL_3543030,train
barcelona,IL_3545745,val
barcelona,IL_3560021,train
barcelona,IL_3564000,train
barcelona,IL_3565425,train
barcelona,IL_3577006,val
barcelona,IL_3586875,val
barcelona,IL_3591614,test
barcelona,IL_3599762,train
barcelona,IL_3605081,train
barcelona,IL_3624532,train
barcelona,IL_3636930,test
barcelona,IL_3642673,train
barcelona,IL_3649349,train
barcelona,IL_3664146,train
barcelona,IL_3671646,val
barcelona,IL_3672337,val
barcelona,IL_3701601,train
barcelona,IL_3706452,train
barcelona,IL_3710169,test
barcelona,IL_3713326,train
barcelona,IL_3719278,val
barcelona,IL_3722055,val
barcelona,IL_3739901,train
barcelona,IL_3754249,train
barcelona,IL_3762166,train
barcelona,IL_3763853,train
barcelona,IL_3772730,train
barcelona,IL_3774317,train
barcelona,IL_3775911,test
barcelona,IL_3787089,train
barcelona,IL_3790583,train
barcelona,IL_3807065,train
barcelona,IL_3811058,val
barcelona,IL_3819169,test
barcelona,IL_3832137,val
barcelona,IL_3845013,train
barcelona,IL_3848359,test
barcelona,IL_3861541,test
barcelona,IL_3867611,test
barcelona,IL_3870091,train
barcelona,IL_3872901,train
barcelona,IL_3874146,val
barcelona,IL_3913475,train
barcelona,IL_3915943,train
barcelona,IL_3918643,train
barcelona,IL_3920722,train
barcelona,IL_3930646,test
barcelona,IL_3934224,train
barcelona,IL_3939785,train
barcelona,IL_3947619,test
barcelona,IL_3952273,val
barcelona,IL_3952395,test
barcelona,IL_3957912,train
barcelona,IL_3964285,train
barcelona,IL_3971816,test
barcelona,IL_3975593,train
barcelona,IL_3978088,train
barcelona,IL_3983024,train
barcelona,IL_4003510,train
barcelona,IL_4010516,train
barcelona,IL_4013833,train
barcelona,IL_4013871,val
barcelona,IL_4030534,test
barcelona,IL_4030993,train
barcelona,IL_4031318,train
barcelona,IL_4052837,train
barcelona,IL_4056903,train
barcelona,IL_4058460,train
barcelona,IL_4062390,train
barcelona,IL_4071400,train
barcelona,IL_4077873,train
barcelona,IL_4080239,train
barcelona,IL_4087692,train
barcelona,IL_4097866,train
barcelona,IL_4099416,train
barcelona,IL_4105570,train
barcelona,IL_4106620,val
barcelona,IL_4108868,train
barcelona,IL_4111021,val
barcelona,IL_4116999,val
barcelona,IL_4125645,train
barcelona,IL_4148093,train
barcelona,IL_4152737,train
barcelona,IL_4155393,train
barcelona,IL_4161492,val
barcelona,IL_4166159,train
barcelona,IL_4171114,train
barcelona,IL_4171676,val
barcelona,IL_4177939,train
barcelona,IL_4204830,train
barcelona,IL_4213019,test
barcelona,IL_4231057,train
barcelona,IL_4232869,train
barcelona,IL_4251271,train
barcelona,IL_4269172,train
barcelona,IL_4276884,train
barcelona,IL_4286657,val
barcelona,IL_4288880,train
barcelona,IL_4294204,val
barcelona,IL_4294989,train
barcelona,IL_4297533,train
barcelona,IL_4328142,test
barcelona,IL_4354576,train
barcelona,IL_4369389,train
barcelona,IL_4369632,train
barcelona,IL_4376864,val
barcelona,IL_4378628,train
barcelona,IL_4380072,train
barcelona,IL_4383234,train
barcelona,IL_4421309,train
barcelona,IL_4425391,train
barcelona,IL_4430857,test
barcelona,IL_4458947,train
barcelona,IL_4460798,train
barcelona,IL_4480415,train
barcelona,IL_4480615,train
barcelona,IL_4481855,train
barcelona,IL_4484880,train
barcelona,IL_4491625,train
barcelona,IL_4499596,train
barcelona,IL_4503088,test
barcelona,IL_4520891,test
barcelona,IL_4537672,train
barcelona,IL_4539070,train
barcelona,IL_4557240,train
barcelona,IL_4561660,train
barcelona,IL_4573605,val
barcelona,IL_4577552,train
barcelona,IL_4578013,train
barcelona,IL_4586302,test
barcelona,IL_4588597,test
barcelona,IL_4590815,test
barcelona,IL_4603342,train
barcelona,IL_4610968,val
barcelona,IL_4611094,train
barcelona,IL_4619967,train
barcelona,IL_4625803,train
barcelona,IL_4631635,test
barcelona,IL_4636097,train
barcelona,IL_4646932,train
barcelona,IL_4652808,train
barcelona,IL_4663381,test
barcelona,IL_4667219,train
barcelona,IL_4668757,test
barcelona,IL_4670450,train
barcelona,IL_4674241,train
barcelona,IL_4674669,train
barcelona,IL_4677410,train
barcelona,IL_4690247,train
barcelona,IL_4691013,train
barcelona,IL_4704036,train
barcelona,IL_4708882,train
barcelona,IL_4710113,train
barcelona,IL_4713288,val
barcelona,IL_4716944,test
barcelona,IL_4719600,val
barcelona,IL_4721101,train
barcelona,IL_4726800,train
barcelona,IL_4731698,val
barcelona,IL_4734832,train
barcelona,IL_4744065,train
barcelona,IL_4758306,train
barcelona,IL_4758864,val
barcelona,IL_4780048,test
barcelona,IL_4780294,train
barcelona,IL_4784639,train
barcelona,IL_4797536,train
barcelona,IL_4818963,train
barcelona,IL_4826120,train
barcelona,IL_4827814,test
barcelona,IL_4834411,train
barcelona,IL_4857205,val
barcelona,IL_4889979,test
barcelona,IL_4908438,train
barcelona,IL_4917056,val
barcelona,IL_4926850,train
barcelona,IL_4931283,train
barcelona,IL_4934900,train
barcelona,IL_4978730,train
barcelona,IL_4983955,val
barcelona,IL_4993332,train
barcelona,IL_5003355,val
barcelona,IL_5012409,train
barcelona,IL_5061241,train
barcelona,IL_5061491,train
barcelona,IL_5075415,train
barcelona,IL_5086577,val
barcelona,IL_5095914,train
barcelona,IL_5099901,val
barcelona,IL_5102870,train
barcelona,IL_5113528,test
barcelona,IL_5116378,train
barcelona,IL_5148253,val
barcelona,IL_5155003,train
barcelona,IL_5156865,test
barcelona,IL_5161836,train
barcelona,IL_5171682,train
barcelona,IL_5174606,train
barcelona,IL_5177081,train
barcelona,IL_5197563,train
barcelona,IL_5202837,train
barcelona,IL_5203833,train
barcelona,IL_5211603,val
barcelona,IL_5212617,val
barcelona,IL_5232678,train
barcelona,IL_5233223,train
barcelona,IL_5237016,train
barcelona,IL_5240498,train
barcelona,IL_5246536,train
barcelona,IL_5265727,train
barcelona,IL_5266802,test
barcelona,IL_5269537,test
barcelona,IL_5270470,test
barcelona,IL_5271593,train
barcelona,IL_5273728,train
barcelona,IL_5275849,train
barcelona,IL_5276384,train
barcelona,IL_5279986,val
barcelona,IL_5285009,test
barcelona,IL_5296554,train
barcelona,IL_5303732,train
barcelona,IL_5326751,val
barcelona,IL_5352416,val
barcelona,IL_5352658,test
barcelona,IL_5352808,train
barcelona,IL_5355753,train
barcelona,IL_5361015,train
barcelona,IL_5370752,train
barcelona,IL_5371524,train
barcelona,IL_5380636,test
barcelona,IL_5386558,train
barcelona,IL_5395472,train
barcelona,IL_5395783,test
barcelona,IL_5406220,train
barcelona,IL_5409496,val
barcelona,IL_5412669,train
barcelona,IL_5426411,train
barcelona,IL_5428820,train
barcelona,IL_5429931,train
barcelona,IL_5445142,val
barcelona,IL_5445232,train
barcelona,IL_5461089,val
barcelona,IL_5470950,train
barcelona,IL_5471571,val
barcelona,IL_5494390,train
barcelona,IL_5528520,train
barcelona,IL_5549522,train
barcelona,IL_5550461,val
barcelona,IL_5555564,train
barcelona,IL_5577739,val
barcelona,IL_5578326,train
barcelona,IL_5590204,train
barcelona,IL_5606633,train
barcelona,IL_5614584,train
barcelona,IL_5615952,test
barcelona,IL_5626004,train
barcelona,IL_5628538,train
barcelona,IL_5641278,test
barcelona,IL_5646170,train
barcelona,IL_5685213,train
barcelona,IL_5716899,val
barcelona,IL_5718297,train
barcelona,IL_5733393,train
barcelona,IL_5735062,train
barcelona,IL_5737321,val
barcelona,IL_5743720,train
barcelona,IL_5759535,train
barcelona,IL_5761937,test
barcelona,IL_5775839,test
barcelona,IL_5786384,train
barcelona,IL_5790108,train
barcelona,IL_5802933,train
barcelona,IL_5806900,train
barcelona,IL_5814515,train
barcelona,IL_5821355,val
barcelona,IL_5821806,test
barcelona,IL_5844100,train
barcelona,IL_5846113,test
barcelona,IL_5849312,train
barcelona,IL_5863018,test
barcelona,IL_5867440,test
barcelona,IL_5876327,train
barcelona,IL_5885786,train
barcelona,IL_5895720,val
barcelona,IL_5896523,test
barcelona,IL_5911302,train
barcelona,IL_5930734,train
barcelona,IL_5934094,val
barcelona,IL_5934728,test
barcelona,IL_5939708,train
barcelona,IL_5944096,train
barcelona,IL_5957543,train
barcelona,IL_5963501,train
barcelona,IL_5979361,train
barcelona,IL_5981852,train
barcelona,IL_5982562,train
barcelona,IL_5987761,train
barcelona,IL_5994550,train
barcelona,IL_6001538,train
barcelona,IL_6016066,train
barcelona,IL_6018723,train
barcelona,IL_6019992,train
barcelona,IL_6034614,train
barcelona,IL_6035570,val
barcelona,IL_6035820,train
barcelona,IL_6038893,train
barcelona,IL_6053535,train
barcelona,IL_6061856,test
barcelona,IL_6065477,train
barcelona,IL_6067285,train
barcelona,IL_6070854,test
barcelona,IL_6101078,test
barcelona,IL_6120434,train
barcelona,IL_6128364,train
barcelona,IL_6139169,train
barcelona,IL_6141626,val
barcelona,IL_6163268,val
barcelona,IL_6164184,train
barcelona,IL_6171619,train
barcelona,IL_6182755,test
barcelona,IL_6184411,val
barcelona,IL_6194979,train
barcelona,IL_6195193,train
barcelona,IL_6199864,test
barcelona,IL_6217369,train
barcelona,IL_6220668,train
barcelona,IL_6224913,train
barcelona,IL_6245091,train
barcelona,IL_6252575,train
barcelona,IL_6257891,train
barcelona,IL_6263309,train
barcelona,IL_6291938,val
barcelona,IL_6295254,train
barcelona,IL_6296747,train
barcelona,IL_6301834,val
barcelona,IL_6302284,train
barcelona,IL_6312610,train
barcelona,IL_6321538,train
barcelona,IL_6344493,train
barcelona,IL_6346492,train
barcelona,IL_6352920,train
barcelona,IL_6365386,train
barcelona,IL_6370608,train
barcelona,IL_6371896,train
barcelona,IL_6375011,val
barcelona,IL_6390114,train
barcelona,IL_6393680,train
barcelona,IL_6408734,val
barcelona,IL_6411996,train
barcelona,IL_6412452,train
barcelona,IL_6427951,train
barcelona,IL_6448715,train
barcelona,IL_6455376,train
barcelona,IL_6456595,train
barcelona,IL_6456959,train
barcelona,IL_6487674,test
barcelona,IL_6492721,val
barcelona,IL_6493516,train
barcelona,IL_6497199,test
barcelona,IL_6509642,val
barcelona,IL_6513588,train
barcelona,IL_6518807,train
barcelona,IL_6535324,val
barcelona,IL_6537281,train
barcelona,IL_6539710,train
barcelona,IL_6549904,train
barcelona,IL_6561100,train
barcelona,IL_6577125,val
barcelona,IL_6580385,train
barcelona,IL_6586038,test
barcelona,IL_6589316,train
barcelona,IL_6622814,val
barcelona,IL_6677460,train
barcelona,IL_6682086,val
barcelona,IL_6693070,train
barcelona,IL_6702398,train
barcelona,IL_6716607,train
barcelona,IL_6726583,train
barcelona,IL_6730249,train
barcelona,IL_6733851,val
barcelona,IL_6737588,train
barcelona,IL_6749794,train
barcelona,IL_6757818,train
barcelona,IL_6788355,train
barcelona,IL_6811374,train
barcelona,IL_6814163,train
barcelona,IL_6818709,train
barcelona,IL_6826393,train
barcelona,IL_6833399,train
barcelona,IL_6835244,train
barcelona,IL_6835823,test
barcelona,IL_6839303,train
barcelona,IL_6846645,train
barcelona,IL_6859995,train
barcelona,IL_6861111,test
barcelona,IL_6868111,train
barcelona,IL_6874919,train
barcelona,IL_6881599,train
barcelona,IL_6912425,val
barcelona,IL_6927839,train
barcelona,IL_6933437,val
barcelona,IL_6937030,train
barcelona,IL_6939580,test
barcelona,IL_6958661,train
barcelona,IL_6979895,test
barcelona,IL_6998383,val
barcelona,IL_7003623,train
barcelona,IL_7011267,train
barcelona,IL_7017302,train
barcelona,IL_7041662,train
barcelona,IL_7051983,train
barcelona,IL_7063984,val
barcelona,IL_7078601,val
barcelona,IL_7094680,test
barcelona,IL_7112930,train
barcelona,IL_7121750,val
barcelona,IL_7126523,train
barcelona,IL_7136715,train
barcelona,IL_7139717,train
barcelona,IL_7150084,train
barcelona,IL_7151146,train
barcelona,IL_7155463,train
barcelona,IL_7164486,train
barcelona,IL_7172381,train
barcelona,IL_7175555,train
barcelona,IL_7184368,train
barcelona,IL_7205445,train
barcelona,IL_7205659,train
barcelona,IL_7207042,train
barcelona,IL_7211571,train
barcelona,IL_7223899,val
barcelona,IL_7228595,train
barcelona,IL_7231423,train
barcelona,IL_7258096,train
barcelona,IL_7258974,train
barcelona,IL_7259482,train
barcelona,IL_7267886,train
barcelona,IL_7269835,val
barcelona,IL_7272512,train
barcelona,IL_7283093,train
barcelona,IL_7288641,train
barcelona,IL_7296553,train
barcelona,IL_7305470,val
barcelona,IL_7307234,test
barcelona,IL_7313979,train
barcelona,IL_7327121,train
barcelona,IL_7329499,train
barcelona,IL_7334395,test
barcelona,IL_7339207,train
barcelona,IL_7353237,test
barcelona,IL_7354122,train
barcelona,IL_7362986,val
barcelona,IL_7370688,test
barcelona,IL_7383344,train
barcelona,IL_7386632,test
barcelona,IL_7388161,test
barcelona,IL_7391083,train
barcelona,IL_7396488,val
barcelona,IL_7407047,train
barcelona,IL_7419436,train
barcelona,IL_7424222,train
barcelona,IL_7426149,test
barcelona,IL_7435703,train
barcelona,IL_7437544,train
barcelona,IL_7444986,val
barcelona,IL_7447135,train
barcelona,IL_7451021,test
barcelona,IL_7454374,train
barcelona,IL_7454411,test
barcelona,IL_7455667,train
barcelona,IL_7457440,train
barcelona,IL_7462782,val
barcelona,IL_7485347,test
barcelona,IL_7485421,train
barcelona,IL_7487583,train
barcelona,IL_7488246,train
barcelona,IL_7492724,train
barcelona,IL_7496943,val
barcelona,IL_7506588,train
barcelona,IL_7507084,train
barcelona,IL_7507244,test
barcelona,IL_7513251,train
barcelona,IL_7518958,test
barcelona,IL_7526064,train
barcelona,IL_7536086,train
barcelona,IL_7555101,val
barcelona,IL_7560101,train
barcelona,IL_7560164,train
barcelona,IL_7565307,train
barcelona,IL_7568959,train
barcelona,IL_7570499,train
barcelona,IL_7582388,val
barcelona,IL_7585268,train
barcelona,IL_7592590,train
barcelona,IL_7592977,val
barcelona,IL_7594142,test
barcelona,IL_7604519,train
barcelona,IL_7612219,train
barcelona,IL_7613959,train
barcelona,IL_7618040,train
barcelona,IL_7628664,train
barcelona,IL_7632210,train
barcelona,IL_7656678,test
barcelona,IL_7666859,train
barcelona,IL_7683067,val
barcelona,IL_7687473,train
barcelona,IL_7697574,train
barcelona,IL_7699777,train
barcelona,IL_7704942,train
barcelona,IL_7709976,train
barcelona,IL_7722258,train
barcelona,IL_7727008,test
barcelona,IL_7739279,train
barcelona,IL_7743178,train
barcelona,IL_7745888,train
barcelona,IL_7746200,train
barcelona,IL_7748691,train
barcelona,IL_7761135,train
barcelona,IL_7765634,test
barcelona,IL_7780023,train
barcelona,IL_7781475,train
barcelona,IL_7796952,test
barcelona,IL_7800870,train
barcelona,IL_7808339,train
barcelona,IL_7828948,train
barcelona,IL_7835416,val
barcelona,IL_7835817,train
barcelona,IL_7845397,val
barcelona,IL_7849516,train
barcelona,IL_7855147,train
barcelona,IL_7856687,train
barcelona,IL_7887057,val
barcelona,IL_7892443,train
barcelona,IL_7894237,test
barcelona,IL_7894572,train
barcelona,IL_7899183,val
barcelona,IL_7904303,train
barcelona,IL_7939808,train
barcelona,IL_7948016,train
barcelona,IL_7954571,train
barcelona,IL_7974368,val
barcelona,IL_7987489,val
barcelona,IL_7987724,test
barcelona,IL_7989604,train
barcelona,IL_7995307,test
barcelona,IL_8013024,val
barcelona,IL_8018208,train
barcelona,IL_8036392,train
barcelona,IL_8037413,train
barcelona,IL_8055446,val
barcelona,IL_8056197,val
barcelona,IL_8057280,train
barcelona,IL_8070017,train
barcelona,IL_8071255,train
barcelona,IL_8079342,test
barcelona,IL_8093150,test
barcelona,IL_8105077,train
barcelona,IL_8107676,val
barcelona,IL_8107908,train
barcelona,IL_8121113,train
barcelona,IL_8130138,val
barcelona,IL_8130461,val
barcelona,IL_8134537,train
barcelona,IL_8135358,train
barcelona,IL_8136655,train
barcelona,IL_8148041,train
barcelona,IL_8158400,train
barcelona,IL_8160228,train
barcelona,IL_8167847,test
barcelona,IL_8168638,train
barcelona,IL_8172858,test
barcelona,IL_8179480,val
barcelona,IL_8211773,train
barcelona,IL_8218600,val
barcelona,IL_8223295,train
barcelona,IL_8223497,train
barcelona,IL_8230158,train
barcelona,IL_8236167,val
barcelona,IL_8241488,train
barcelona,IL_8247458,val
barcelona,IL_8276236,test
barcelona,IL_8278318,train
barcelona,IL_8279987,val
barcelona,IL_8290064,train
barcelona,IL_8290566,train
barcelona,IL_8301596,val
barcelona,IL_8301878,train
barcelona,IL_8307735,train
barcelona,IL_8310682,train
barcelona,IL_8312686,val
barcelona,IL_8314504,train
barcelona,IL_8320357,train
barcelona,IL_8333083,test
barcelona,IL_8333923,train
barcelona,IL_8345793,train
barcelona,IL_8358267,test
barcelona,IL_8364942,train
barcelona,IL_8368844,train
barcelona,IL_8371304,train
barcelona,IL_8383313,train
barcelona,IL_8386760,train
barcelona,IL_8390279,train
barcelona,IL_8390473,train
barcelona,IL_8391475,train
barcelona,IL_8395970,train
barcelona,IL_8396108,train
barcelona,IL_8427824,test
barcelona,IL_8435501,test
barcelona,IL_8443174,test
barcelona,IL_8448951,train
barcelona,IL_8455142,train
barcelona,IL_8456917,train
barcelona,IL_8458330,train
barcelona,IL_8464869,val
barcelona,IL_8465692,test
barcelona,IL_8471043,train
barcelona,IL_8471528,train
barcelona,IL_8478525,train
barcelona,IL_8502382,train
barcelona,IL_8511718,train
barcelona,IL_8516570,test
barcelona,IL_8518795,train
barcelona,IL_8523192,train
barcelona,IL_8525775,test
barcelona,IL_8538056,train
barcelona,IL_8544896,val
barcelona,IL_8563447,train
barcelona,IL_8564327,train
barcelona,IL_8568801,train
barcelona,IL_8573915,train
barcelona,IL_8580941,train
barcelona,IL_8584859,train
barcelona,IL_8594247,test
barcelona,IL_8601895,train
barcelona,IL_8607770,val
barcelona,IL_8609669,train
barcelona,IL_8611162,train
barcelona,IL_8615216,test
barcelona,IL_8629940,train
barcelona,IL_8631059,train
barcelona,IL_8631257,train
barcelona,IL_8641344,val
barcelona,IL_8651031,test
barcelona,IL_8655108,val
barcelona,IL_8666323,train
barcelona,IL_8674263,train
barcelona,IL_8687533,train
barcelona,IL_8691114,train
barcelona,IL_8693507,train
barcelona,IL_8698031,train
barcelona,IL_8701529,train
barcelona,IL_8703170,train
barcelona,IL_8713925,train
barcelona,IL_8715266,val
barcelona,IL_8722389,train
barcelona,IL_8726133,train
barcelona,IL_8743883,test
barcelona,IL_8747847,val
barcelona,IL_8752851,train
barcelona,IL_8760819,train
barcelona,IL_8777088,train
barcelona,IL_8782016,train
barcelona,IL_8782304,train
barcelona,IL_8788343,train
barcelona,IL_8791225,test
barcelona,IL_8811658,val
barcelona,IL_8811730,train
barcelona,IL_8818855,train
barcelona,IL_8823423,train
barcelona,IL_8827862,train
barcelona,IL_8829535,val
barcelona,IL_8832076,val
barcelona,IL_8833852,train
barcelona,IL_8842972,val
barcelona,IL_8845938,train
barcelona,IL_8850789,train
barcelona,IL_8864730,test
barcelona,IL_8888442,train
barcelona,IL_8902583,train
barcelona,IL_8905410,test
barcelona,IL_8906800,val
barcelona,IL_8906872,test
barcelona,IL_8908854,train
barcelona,IL_8942434,train
barcelona,IL_8954307,train
barcelona,IL_8954493,train
barcelona,IL_8957679,train
barcelona,IL_8972838,train
barcelona,IL_8982725,train
barcelona,IL_8992666,train
barcelona,IL_8994955,train
barcelona,IL_8998640,test
barcelona,IL_9004143,val
barcelona,IL_9005542,train
barcelona,IL_9013732,test
barcelona,IL_9015228,test
barcelona,IL_9015370,train
barcelona,IL_9025569,train
barcelona,IL_9030540,train
barcelona,IL_9044342,val
barcelona,IL_9048714,train
barcelona,IL_9063764,train
barcelona,IL_9071788,train
barcelona,IL_9076594,val
barcelona,IL_9078845,train
barcelona,IL_9080363,test
barcelona,IL_9090841,train
barcelona,IL_9092815,train
barcelona,IL_9097937,train
barcelona,IL_9105360,train
barcelona,IL_9110451,train
barcelona,IL_9120717,test
barcelona,IL_9131303,train
barcelona,IL_9137400,train
barcelona,IL_9140023,train
barcelona,IL_9146398,train
barcelona,IL_9154679,train
barcelona,IL_9161128,train
barcelona,IL_9167535,train
barcelona,IL_9187384,train
barcelona,IL_9192893,train
barcelona,IL_9193535,train
barcelona,IL_9199978,train
barcelona,IL_9202644,train
barcelona,IL_9206052,train
barcelona,IL_9214392,train
barcelona,IL_9219318,train
barcelona,IL_9222242,train
barcelona,IL_9224703,train
barcelona,IL_9233581,train
barcelona,IL_9242251,train
barcelona,IL_9245570,train
barcelona,IL_9248767,train
barcelona,IL_9249477,test
barcelona,IL_9259933,train
barcelona,IL_9267837,val
barcelona,IL_9276166,train
barcelona,IL_9298692,train
barcelona,IL_9302619,train
barcelona,IL_9315263,train
barcelona,IL_9317487,test
barcelona,IL_9321535,train
barcelona,IL_9328673,train
barcelona,IL_9345209,test
barcelona,IL_9347951,train
barcelona,IL_9361379,train
barcelona,IL_9363000,val
barcelona,IL_9366815,train
barcelona,IL_9368694,train
barcelona,IL_9368840,val
barcelona,IL_9384135,train
barcelona,IL_9384183,train
barcelona,IL_9389759,train
barcelona,IL_9417358,train
barcelona,IL_9428581,test
barcelona,IL_9443046,val
barcelona,IL_9450619,train
barcelona,IL_9459956,val
barcelona,IL_9472885,train
barcelona,IL_9493691,val
barcelona,IL_9497300,train
barcelona,IL_9499423,train
barcelona,IL_9512246,train
barcelona,IL_9526014,train
barcelona,IL_9527278,train
barcelona,IL_9564592,train
barcelona,IL_9565177,train
barcelona,IL_9570955,val
barcelona,IL_9572684,train
barcelona,IL_9578833,train
barcelona,IL_9612431,train
barcelona,IL_9613171,train
barcelona,IL_9630066,test
barcelona,IL_9642396,train
barcelona,IL_9645827,val
barcelona,IL_9656676,train
barcelona,IL_9665038,train
barcelona,IL_9665672,val
barcelona,IL_9669494,train
barcelona,IL_9670401,train
barcelona,IL_9674038,train
barcelona,IL_9683902,train
barcelona,IL_9686092,train
barcelona,IL_9694676,val
barcelona,IL_9700850,train
barcelona,IL_9721042,train
barcelona,IL_9724348,test
barcelona,IL_9731810,train
barcelona,IL_9733146,test
barcelona,IL_9737089,train
barcelona,IL_9738328,val
barcelona,IL_9740529,train
barcelona,IL_9757694,val
barcelona,IL_9769812,train
barcelona,IL_9770031,test
barcelona,IL_9786109,test
barcelona,IL_9791172,train
barcelona,IL_9793368,train
barcelona,IL_9798064,train
barcelona,IL_9798754,train
barcelona,IL_9809530,train
barcelona,IL_9816118,train
barcelona,IL_9817645,train
barcelona,IL_9829751,train
barcelona,IL_9837925,test
barcelona,IL_9838233,test
barcelona,IL_9847505,val
barcelona,IL_9848355,test
barcelona,IL_9868975,train
barcelona,IL_9872514,val
barcelona,IL_9874956,train
barcelona,IL_9887132,val
barcelona,IL_9891928,train
barcelona,IL_9894173,train
barcelona,IL_9900911,train
barcelona,IL_9901485,test
barcelona,IL_9910301,test
barcelona,IL_9921799,train
barcelona,IL_9956590,train
barcelona,IL_9981580,train
barcelona,IL_9983023,train
barcelona,IL_9998632,train
msk,IL_0000561,train
msk,IL_0012751,train
msk,IL_0018271,val
msk,IL_0019781,test
msk,IL_0023118,val
msk,IL_0025637,train
msk,IL_0025752,train
msk,IL_0030911,train
msk,IL_0031729,train
msk,IL_0035016,train
msk,IL_0037541,val
msk,IL_0048051,train
msk,IL_0049127,train
msk,IL_0056070,val
msk,IL_0057768,train
msk,IL_0060446,test
msk,IL_0064038,train
msk,IL_0068415,train
msk,IL_0070302,train
msk,IL_0071819,train
msk,IL_0080457,val
msk,IL_0083109,train
msk,IL_0084386,train
msk,IL_0091198,train
msk,IL_0091677,val
msk,IL_0095243,train
msk,IL_0107029,train
msk,IL_0108681,train
msk,IL_0112144,val
msk,IL_0113949,train
msk,IL_0117753,train
msk,IL_0132795,train
msk,IL_0134474,val
msk,IL_0143688,train
msk,IL_0149087,test
msk,IL_0152306,train
msk,IL_0154947,train
msk,IL_0159729,train
msk,IL_0159974,train
msk,IL_0160954,train
msk,IL_0171047,train
msk,IL_0174136,train
msk,IL_0174747,train
msk,IL_0179653,train
msk,IL_0190429,val
msk,IL_0190763,train
msk,IL_0202621,train
msk,IL_0210290,train
msk,IL_0214706,train
msk,IL_0216007,train
msk,IL_0218335,val
msk,IL_0219337,train
msk,IL_0220403,train
msk,IL_0224481,train
msk,IL_0226666,test
msk,IL_0228648,train
msk,IL_0235161,train
msk,IL_0240316,test
msk,IL_0242075,test
msk,IL_0243404,train
msk,IL_0246010,train
msk,IL_0254238,train
msk,IL_0254676,train
msk,IL_0255622,train
msk,IL_0259429,train
msk,IL_0272494,train
msk,IL_0274571,train
msk,IL_0275218,train
msk,IL_0278497,train
msk,IL_0278830,train
msk,IL_0282208,train
msk,IL_0282341,train
msk,IL_0294092,train
msk,IL_0295325,train
msk,IL_0297208,test
msk,IL_0302191,train
msk,IL_0304629,train
msk,IL_0308852,train
msk,IL_0312324,train
msk,IL_0312647,train
msk,IL_0321967,test
msk,IL_0325690,val
msk,IL_0327707,train
msk,IL_0330727,train
msk,IL_0332297,train
msk,IL_0333253,train
msk,IL_0336950,test
msk,IL_0345242,train
msk,IL_0348876,train
msk,IL_0351489,val
msk,IL_0354316,train
msk,IL_0355616,train
msk,IL_0374078,train
msk,IL_0380339,train
msk,IL_0386300,train
msk,IL_0388888,val
msk,IL_0393030,train
msk,IL_0401204,train
msk,IL_0404349,test
msk,IL_0405685,train
msk,IL_0432395,train
msk,IL_0435745,train
msk,IL_0441919,train
msk,IL_0442952,train
msk,IL_0443028,train
msk,IL_0447178,train
msk,IL_0451504,train
msk,IL_0457405,train
msk,IL_0465591,train
msk,IL_0465683,train
msk,IL_0473668,val
msk,IL_0482527,test
msk,IL_0484328,train
msk,IL_0484940,val
msk,IL_0490464,val
msk,IL_0492139,train
msk,IL_0494492,train
msk,IL_0509423,train
msk,IL_0509451,train
msk,IL_0511233,test
msk,IL_0513854,train
msk,IL_0515095,test
msk,IL_0524181,train
msk,IL_0536025,val
msk,IL_0536635,train
msk,IL_0537801,val
msk,IL_0540776,train
msk,IL_0552268,train
msk,IL_0557276,test
msk,IL_0559360,test
msk,IL_0569140,val
msk,IL_0577151,val
msk,IL_0577473,train
msk,IL_0578342,train
msk,IL_0580732,train
msk,IL_0580845,train
msk,IL_0580957,train
msk,IL_0588731,train
msk,IL_0593676,train
msk,IL_0602830,train
msk,IL_0609469,train
msk,IL_0610123,train
msk,IL_0610334,test
msk,IL_0613739,train
msk,IL_0621280,train
msk,IL_0621981,test
msk,IL_0623578,train
msk,IL_0624570,val
msk,IL_0628423,train
msk,IL_0629710,train
msk,IL_0639740,train
msk,IL_0643735,train
msk,IL_0644179,train
msk,IL_0645889,train
msk,IL_0650148,test
msk,IL_0650331,train
msk,IL_0651854,train
msk,IL_0654569,train
msk,IL_0657178,val
msk,IL_0658720,train
msk,IL_0659394,train
msk,IL_0663275,val
msk,IL_0675930,train
msk,IL_0677815,val
msk,IL_0681884,train
msk,IL_0685275,train
msk,IL_0686000,val
msk,IL_0692183,train
msk,IL_0694421,train
msk,IL_0694833,train
msk,IL_0694947,test
msk,IL_0697724,train
msk,IL_0701451,train
msk,IL_0704678,val
msk,IL_0707585,train
msk,IL_0709310,train
msk,IL_0712078,train
msk,IL_0712557,train
msk,IL_0719587,train
msk,IL_0730022,train
msk,IL_0731208,train
msk,IL_0733728,train
msk,IL_0735282,train
msk,IL_0735523,train
msk,IL_0742300,train
msk,IL_0755023,train
msk,IL_0762948,test
msk,IL_0766246,train
msk,IL_0768449,test
msk,IL_0774899,val
msk,IL_0777104,train
msk,IL_0779158,test
msk,IL_0780383,train
msk,IL_0783799,val
msk,IL_0784436,train
msk,IL_0785382,train
msk,IL_0788420,train
msk,IL_0795733,train
msk,IL_0797681,test
msk,IL_0800284,train
msk,IL_0800861,train
msk,IL_0807312,train
msk,IL_0809703,train
msk,IL_0813790,train
msk,IL_0814856,train
msk,IL_0818440,train
msk,IL_0819601,val
msk,IL_0826331,train
msk,IL_0827373,train
msk,IL_0828700,test
msk,IL_0836294,train
msk,IL_0836337,test
msk,IL_0854286,train
msk,IL_0858214,val
msk,IL_0860134,train
msk,IL_0862194,train
msk,IL_0872272,train
msk,IL_0877852,train
msk,IL_0883532,train
msk,IL_0884302,train
msk,IL_0891632,test
msk,IL_0892906,train
msk,IL_0895285,train
msk,IL_0898751,train
msk,IL_0901703,val
msk,IL_0909313,train
msk,IL_0910467,val
msk,IL_0921435,train
msk,IL_0926591,train
msk,IL_0928579,train
msk,IL_0972977,train
msk,IL_0977178,val
msk,IL_0978578,train
msk,IL_0979688,train
msk,IL_0980600,train
msk,IL_0988166,train
msk,IL_0992633,train
msk,IL_0998820,test
msk,IL_1010920,train
msk,IL_1016572,test
msk,IL_1017725,train
msk,IL_1019631,val
msk,IL_1021815,train
msk,IL_1022516,train
msk,IL_1026442,train
msk,IL_1030734,val
msk,IL_1036779,train
msk,IL_1039212,train
msk,IL_1050708,val
msk,IL_1051025,test
msk,IL_1080179,test
msk,IL_1090478,train
msk,IL_1094230,train
msk,IL_1096358,train
msk,IL_1104834,val
msk,IL_1116747,test
msk,IL_1121923,train
msk,IL_1124427,test
msk,IL_1127114,test
msk,IL_1132140,val
msk,IL_1133658,train
msk,IL_1135571,train
msk,IL_1135695,train
msk,IL_1142529,test
msk,IL_1143065,train
msk,IL_1143429,train
msk,IL_1144389,train
msk,IL_1145778,train
msk,IL_1153922,train
msk,IL_1154101,test
msk,IL_1157838,test
msk,IL_1161517,val
msk,IL_1162422,val
msk,IL_1171732,train
msk,IL_1177515,train
msk,IL_1178442,test
msk,IL_1192392,train
msk,IL_1193673,train
msk,IL_1197162,train
msk,IL_1198331,test
msk,IL_1202927,train
msk,IL_1206459,train
msk,IL_1206610,train
msk,IL_1213726,train
msk,IL_1220572,train
msk,IL_1222532,train
msk,IL_1227489,train
msk,IL_1232829,train
msk,IL_1236181,train
msk,IL_1236436,train
msk,IL_1238713,val
msk,IL_1243273,test
msk,IL_1248788,train
msk,IL_1255246,train
msk,IL_1262552,train
msk,IL_1264770,train
msk,IL_1270698,test
msk,IL_1270834,train
msk,IL_1287300,train
msk,IL_1290661,train
msk,IL_1294135,train
msk,IL_1297808,train
msk,IL_1298426,train
msk,IL_1317556,val
msk,IL_1335146,train
msk,IL_1336482,train
msk,IL_1339677,train
msk,IL_1340475,val
msk,IL_1343052,train
msk,IL_1345197,train
msk,IL_1346915,train
msk,IL_1347317,train
msk,IL_1347372,train
msk,IL_1347878,train
msk,IL_1350827,train
msk,IL_1355513,train
msk,IL_1367590,train
msk,IL_1370869,val
msk,IL_1374119,train
msk,IL_1374399,test
msk,IL_1375004,train
msk,IL_1379127,train
msk,IL_1380863,train
msk,IL_1391047,train
msk,IL_1395694,val
msk,IL_1396733,test
msk,IL_1401376,train
msk,IL_1403282,train
msk,IL_1405279,val
msk,IL_1406487,train
msk,IL_1407113,train
msk,IL_1414265,train
msk,IL_1416955,train
msk,IL_1422651,train
msk,IL_1433667,train
msk,IL_1435618,train
msk,IL_1438478,val
msk,IL_1439049,val
msk,IL_1447065,train
msk,IL_1449964,train
msk,IL_1453733,train
msk,IL_1454068,test
msk,IL_1454147,val
msk,IL_1455015,train
msk,IL_1455619,train
msk,IL_1463295,train
msk,IL_1464491,train
msk,IL_1477084,train
msk,IL_1490333,train
msk,IL_1495057,val
msk,IL_1496317,train
msk,IL_1499270,train
msk,IL_1505758,train
msk,IL_1513203,train
msk,IL_1514032,val
msk,IL_1517196,train
msk,IL_1517601,test
msk,IL_1520040,train
msk,IL_1520628,train
msk,IL_1521636,train
msk,IL_1521763,train
msk,IL_1523922,train
msk,IL_1529294,train
msk,IL_1536778,train
msk,IL_1541591,train
msk,IL_1542604,train
msk,IL_1542751,val
msk,IL_1551046,test
msk,IL_1552082,test
msk,IL_1554254,train
msk,IL_1561528,train
msk,IL_1561790,train
msk,IL_1565524,train
msk,IL_1567663,train
msk,IL_1569753,val
msk,IL_1574599,train
msk,IL_1575619,val
msk,IL_1578404,train
msk,IL_1580105,train
msk,IL_1581361,val
msk,IL_1583265,test
msk,IL_1599919,train
msk,IL_1604966,train
msk,IL_1604982,val
msk,IL_1607801,train
msk,IL_1611536,train
msk,IL_1617566,train
msk,IL_1621533,train
msk,IL_1623857,train
msk,IL_1645685,train
msk,IL_1660051,train
msk,IL_1663641,train
msk,IL_1669379,val
msk,IL_1680085,train
msk,IL_1683647,train
msk,IL_1687312,test
msk,IL_1692615,train
msk,IL_1702239,train
msk,IL_1703339,train
msk,IL_1705341,test
msk,IL_1708877,train
msk,IL_1713230,val
msk,IL_1714518,train
msk,IL_1715360,train
msk,IL_1718478,train
msk,IL_1719782,test
msk,IL_1720710,val
msk,IL_1721486,train
msk,IL_1723718,train
msk,IL_1738079,test
msk,IL_1742417,test
msk,IL_1745117,train
msk,IL_1745657,train
msk,IL_1746433,train
msk,IL_1747606,train
msk,IL_1748757,test
msk,IL_1750366,train
msk,IL_1762834,train
msk,IL_1765424,train
msk,IL_1766319,test
msk,IL_1768762,test
msk,IL_1769042,test
msk,IL_1776942,train
msk,IL_1783039,train
msk,IL_1783290,train
msk,IL_1798585,train
msk,IL_1798868,train
msk,IL_1804951,train
msk,IL_1806222,val
msk,IL_1818051,test
msk,IL_1819387,val
msk,IL_1821607,train
msk,IL_1822083,train
msk,IL_1829912,train
msk,IL_1833998,train
msk,IL_1835764,train
msk,IL_1836219,train
msk,IL_1843474,val
msk,IL_1846863,train
msk,IL_1849606,val
msk,IL_1858836,train
msk,IL_1861474,val
msk,IL_1868635,train
msk,IL_1872198,train
msk,IL_1879085,train
msk,IL_1879368,train
msk,IL_1883531,val
msk,IL_1888184,val
msk,IL_1888392,test
msk,IL_1893484,train
msk,IL_1897538,val
msk,IL_1900355,train
msk,IL_1900441,train
msk,IL_1900519,train
msk,IL_1910503,train
msk,IL_1912944,train
msk,IL_1917511,train
msk,IL_1922786,train
msk,IL_1923150,test
msk,IL_1933096,val
msk,IL_1946621,train
msk,IL_1954689,test
msk,IL_1956212,test
msk,IL_1958984,train
msk,IL_1959455,test
msk,IL_1968719,val
msk,IL_1974890,val
msk,IL_1984416,test
msk,IL_1988657,train
msk,IL_1989171,train
msk,IL_1991404,test
msk,IL_1995216,train
msk,IL_1999547,train
msk,IL_2006259,train
msk,IL_2009696,train
msk,IL_2011082,test
msk,IL_2019280,test
msk,IL_2021060,test
msk,IL_2031122,test
msk,IL_2032257,train
msk,IL_2032724,test
msk,IL_2036362,train
msk,IL_2038212,train
msk,IL_2040001,train
msk,IL_2041371,train
msk,IL_2043151,train
msk,IL_2046316,train
msk,IL_2059892,val
msk,IL_2066173,train
msk,IL_2066935,test
msk,IL_2074510,val
msk,IL_2076655,train
msk,IL_2076924,train
msk,IL_2082848,train
msk,IL_2084175,test
msk,IL_2090835,train
msk,IL_2098784,test
msk,IL_2099031,val
msk,IL_2105871,train
msk,IL_2108375,train
msk,IL_2110673,test
msk,IL_2122904,test
msk,IL_2123565,val
msk,IL_2134311,val
msk,IL_2139103,val
msk,IL_2143878,train
msk,IL_2147343,train
msk,IL_2151279,val
msk,IL_2164666,train
msk,IL_2166672,train
msk,IL_2168872,train
msk,IL_2168893,train
msk,IL_2169449,test
msk,IL_2169615,train
msk,IL_2171036,train
msk,IL_2174824,val
msk,IL_2175686,train
msk,IL_2177288,val
msk,IL_2190014,train
msk,IL_2190859,train
msk,IL_2197088,test
msk,IL_2204801,test
msk,IL_2206147,test
msk,IL_2209242,val
msk,IL_2210435,train
msk,IL_2211082,train
msk,IL_2215891,train
msk,IL_2223041,val
msk,IL_2224170,train
msk,IL_2232402,train
msk,IL_2234555,val
msk,IL_2235202,train
msk,IL_2238788,test
msk,IL_2248790,train
msk,IL_2249822,val
msk,IL_2254469,train
msk,IL_2257484,train
msk,IL_2262979,train
msk,IL_2268062,train
msk,IL_2271033,train
msk,IL_2276387,val
msk,IL_2279596,val
msk,IL_2280701,train
msk,IL_2286354,test
msk,IL_2293452,train
msk,IL_2295667,test
msk,IL_2303291,train
msk,IL_2306683,train
msk,IL_2326794,train
msk,IL_2334797,train
msk,IL_2339328,val
msk,IL_2345448,train
msk,IL_2347928,train
msk,IL_2350047,val
msk,IL_2350075,train
msk,IL_2362356,train
msk,IL_2362948,test
msk,IL_2376959,test
msk,IL_2378961,train
msk,IL_2380916,train
msk,IL_2385071,train
msk,IL_2385389,train
msk,IL_2386310,train
msk,IL_2386950,train
msk,IL_2388720,train
msk,IL_2390034,train
msk,IL_2397789,train
msk,IL_2398242,test
msk,IL_2398939,train
msk,IL_2401252,test
msk,IL_2401888,train
msk,IL_2407396,test
msk,IL_2412528,train
msk,IL_2423171,train
msk,IL_2429712,train
msk,IL_2444433,train
msk,IL_2447118,train
msk,IL_2452627,train
msk,IL_2454313,train
msk,IL_2459425,train
msk,IL_2459617,train
msk,IL_2463237,test
msk,IL_2464552,train
msk,IL_2470240,train
msk,IL_2471821,train
msk,IL_2472704,train
msk,IL_2477968,val
msk,IL_2478577,val
msk,IL_2484101,train
msk,IL_2486224,train
msk,IL_2486881,train
msk,IL_2490049,train
msk,IL_2490359,train
msk,IL_2493512,train
msk,IL_2497143,train
msk,IL_2504102,train
msk,IL_2517924,train
msk,IL_2518102,train
msk,IL_2522849,test
msk,IL_2525413,train
msk,IL_2530144,train
msk,IL_2533888,train
msk,IL_2536945,train
msk,IL_2548630,train
msk,IL_2551092,val
msk,IL_2555291,train
msk,IL_2562558,train
msk,IL_2569712,train
msk,IL_2577060,test
msk,IL_2577703,train
msk,IL_2587719,train
msk,IL_2595063,train
msk,IL_2600708,train
msk,IL_2605919,train
msk,IL_2617378,train
msk,IL_2617674,train
msk,IL_2620762,val
msk,IL_2623619,val
msk,IL_2630099,train
msk,IL_2632548,test
msk,IL_2633179,train
msk,IL_2642418,train
msk,IL_2651385,train
msk,IL_2673413,train
msk,IL_2676521,train
msk,IL_2683270,train
msk,IL_2714151,train
msk,IL_2721933,test
msk,IL_2722558,val
msk,IL_2729022,val
msk,IL_2729463,val
msk,IL_2732897,train
msk,IL_2736977,train
msk,IL_2753695,train
msk,IL_2755187,train
msk,IL_2766052,val
msk,IL_2779571,test
msk,IL_2795643,train
msk,IL_2799170,train
msk,IL_2799440,train
msk,IL_2803179,train
msk,IL_2803515,train
msk,IL_2805754,train
msk,IL_2813577,train
msk,IL_2815432,val
msk,IL_2819220,train
msk,IL_2825312,train
msk,IL_2831747,train
msk,IL_2837434,val
msk,IL_2843794,train
msk,IL_2846668,train
msk,IL_2853386,train
msk,IL_2853512,train
msk,IL_2855663,train
msk,IL_2856132,train
msk,IL_2864073,train
msk,IL_2865098,val
msk,IL_2871559,val
msk,IL_2879877,test
msk,IL_2880605,train
msk,IL_2884417,train
msk,IL_2884920,test
msk,IL_2891351,train
msk,IL_2900583,test
msk,IL_2907724,train
msk,IL_2909234,train
msk,IL_2910801,test
msk,IL_2920383,test
msk,IL_2921200,test
msk,IL_2925186,val
msk,IL_2927732,test
msk,IL_2928122,train
msk,IL_2928472,test
msk,IL_2932999,train
msk,IL_2936677,val
msk,IL_2939360,train
msk,IL_2949078,train
msk,IL_2950715,train
msk,IL_2955747,train
msk,IL_2957955,train
msk,IL_2958446,train
msk,IL_2960779,val
msk,IL_2965880,train
msk,IL_2966295,train
msk,IL_2969854,train
msk,IL_2975216,train
msk,IL_2976120,train
msk,IL_2988830,train
msk,IL_2996464,val
msk,IL_2998102,train
msk,IL_3013399,train
msk,IL_3014234,train
msk,IL_3016329,val
msk,IL_3018358,test
msk,IL_3032287,train
msk,IL_3033780,test
msk,IL_3035826,train
msk,IL_3039617,train
msk,IL_3042157,train
msk,IL_3045699,val
msk,IL_3052131,train
msk,IL_3053437,val
msk,IL_3054723,train
msk,IL_3061261,train
msk,IL_3065072,train
msk,IL_3066485,test
msk,IL_3069056,train
msk,IL_3091948,test
msk,IL_3092591,train
msk,IL_3098573,val
msk,IL_3100304,train
msk,IL_3107648,train
msk,IL_3113493,train
msk,IL_3115756,train
msk,IL_3131948,train
msk,IL_3140248,train
msk,IL_3141588,train
msk,IL_3142037,train
msk,IL_3144992,val
msk,IL_3145849,val
msk,IL_3146951,train
msk,IL_3159491,train
msk,IL_3181866,train
msk,IL_3192112,train
msk,IL_3194060,train
msk,IL_3194227,train
msk,IL_3197714,train
msk,IL_3208173,train
msk,IL_3213299,train
msk,IL_3217559,train
msk,IL_3219751,train
msk,IL_3226157,test
msk,IL_3231763,train
msk,IL_3232783,train
msk,IL_3233057,train
msk,IL_3235123,train
msk,IL_3243721,train
msk,IL_3243729,train
msk,IL_3252920,val
msk,IL_3254553,train
msk,IL_3256891,train
msk,IL_3257769,train
msk,IL_3264677,train
msk,IL_3267915,train
msk,IL_3271596,train
msk,IL_3272270,train
msk,IL_3284598,test
msk,IL_3290320,train
msk,IL_3291667,train
msk,IL_3299724,train
msk,IL_3301751,train
msk,IL_3313625,val
msk,IL_3317009,train
msk,IL_3320187,train
msk,IL_3329340,test
msk,IL_3336111,train
msk,IL_3336787,train
msk,IL_3337411,test
msk,IL_3341330,train
msk,IL_3342140,test
msk,IL_3351012,train
msk,IL_3353648,train
msk,IL_3357905,train
msk,IL_3360134,test
msk,IL_3360257,train
msk,IL_3363888,train
msk,IL_3365674,test
msk,IL_3368309,train
msk,IL_3373836,train
msk,IL_3374880,train
msk,IL_3378585,train
msk,IL_3379147,val
msk,IL_3380565,train
msk,IL_3380917,val
msk,IL_3386124,train
msk,IL_3405214,train
msk,IL_3407166,val
msk,IL_3419305,train
msk,IL_3421042,train
msk,IL_3433450,train
msk,IL_3435078,train
msk,IL_3439839,train
msk,IL_3439854,train
msk,IL_3446178,train
msk,IL_3450284,val
msk,IL_3456884,train
msk,IL_3458467,train
msk,IL_3458585,val
msk,IL_3460822,train
msk,IL_3461489,train
msk,IL_3465119,val
msk,IL_3467005,train
msk,IL_3467881,train
msk,IL_3468599,train
msk,IL_3474521,test
msk,IL_3476742,train
msk,IL_3479000,train
msk,IL_3487519,train
msk,IL_3496759,val
msk,IL_3501043,train
msk,IL_3503592,train
msk,IL_3506565,test
msk,IL_3512098,train
msk,IL_3519536,train
msk,IL_3525747,train
msk,IL_3526000,train
msk,IL_3526079,train
msk,IL_3527134,train
msk,IL_3535263,test
msk,IL_3547852,train
msk,IL_3550179,train
msk,IL_3550595,train
msk,IL_3550952,test
msk,IL_3553675,test
msk,IL_3557793,train
msk,IL_3558276,train
msk,IL_3560143,train
msk,IL_3565125,train
msk,IL_3566639,val
msk,IL_3573306,train
msk,IL_3575536,train
msk,IL_3580384,train
msk,IL_3580821,train
msk,IL_3581531,train
msk,IL_3584928,train
msk,IL_3588696,train
msk,IL_3599425,test
msk,IL_3602382,train
msk,IL_3605028,val
msk,IL_3613722,train
msk,IL_3620771,train
msk,IL_3623933,train
msk,IL_3629053,val
msk,IL_3636597,train
msk,IL_3647161,train
msk,IL_3649098,val
msk,IL_3650817,train
msk,IL_3661456,train
msk,IL_3663340,test
msk,IL_3664087,test
msk,IL_3665369,train
msk,IL_3669814,test
msk,IL_3675791,test
msk,IL_3677747,train
msk,IL_3681637,val
msk,IL_3682401,val
msk,IL_3683275,val
msk,IL_3693040,val
msk,IL_3695184,train
msk,IL_3704665,train
msk,IL_3712432,val
msk,IL_3716092,train
msk,IL_3721488,train
msk,IL_3721710,test
msk,IL_3729640,train
msk,IL_3731496,val
msk,IL_3732193,train
msk,IL_3734027,train
msk,IL_3738336,train
msk,IL_3739349,test
msk,IL_3740061,test
msk,IL_3741024,train
msk,IL_3748642,val
msk,IL_3755225,val
msk,IL_3755804,train
msk,IL_3758244,train
msk,IL_3761439,test
msk,IL_3772329,val
msk,IL_3776360,train
msk,IL_3788280,test
msk,IL_3790065,train
msk,IL_3791681,val
msk,IL_3796864,train
msk,IL_3800930,val
msk,IL_3802980,test
msk,IL_3805026,train
msk,IL_3811946,train
msk,IL_3818102,train
msk,IL_3820960,train
msk,IL_3822699,train
msk,IL_3822722,train
msk,IL_3832556,train
msk,IL_3842332,train
msk,IL_3848273,val
msk,IL_3851470,train
msk,IL_3859504,train
msk,IL_3876356,train
msk,IL_3883289,train
msk,IL_3889514,train
msk,IL_3889746,val
msk,IL_3906242,test
msk,IL_3911751,test
msk,IL_3914445,train
msk,IL_3939026,train
msk,IL_3940744,train
msk,IL_3940973,train
msk,IL_3943392,train
msk,IL_3945000,val
msk,IL_3948769,train
msk,IL_3949077,train
msk,IL_3952203,train
msk,IL_3955752,train
msk,IL_3961791,train
msk,IL_3962013,train
msk,IL_3962772,test
msk,IL_3964474,test
msk,IL_3968762,train
msk,IL_3973665,train
msk,IL_3978502,train
msk,IL_3982833,train
msk,IL_3986264,test
msk,IL_3991401,val
msk,IL_3991931,train
msk,IL_3997504,train
msk,IL_3999742,train
msk,IL_4006031,train
msk,IL_4008027,train
msk,IL_4008184,val
msk,IL_4020099,test
msk,IL_4021235,train
msk,IL_4030653,train
msk,IL_4032612,train
msk,IL_4039610,train
msk,IL_4040860,val
msk,IL_4050605,train
msk,IL_4052481,train
msk,IL_4059811,test
msk,IL_4061221,train
msk,IL_4067242,train
msk,IL_4080313,test
msk,IL_4082527,val
msk,IL_4090148,train
msk,IL_4091733,train
msk,IL_4091853,val
msk,IL_4092174,train
msk,IL_4094336,test
msk,IL_4096038,train
msk,IL_4097395,val
msk,IL_4099618,test
msk,IL_4103716,train
msk,IL_4108889,test
msk,IL_4113880,val
msk,IL_4116158,train
msk,IL_4118534,test
msk,IL_4122669,train
msk,IL_4127521,train
msk,IL_4138258,test
msk,IL_4141126,test
msk,IL_4144042,train
msk,IL_4145605,val
msk,IL_4151383,train
msk,IL_4165171,train
msk,IL_4179725,test
msk,IL_4180484,train
msk,IL_4184759,train
msk,IL_4193275,train
msk,IL_4196563,val
msk,IL_4198368,test
msk,IL_4198412,val
msk,IL_4201975,train
msk,IL_4205791,train
msk,IL_4210248,val
msk,IL_4212417,val
msk,IL_4221138,train
msk,IL_4229464,train
msk,IL_4232285,train
msk,IL_4234437,test
msk,IL_4235111,test
msk,IL_4238730,train
msk,IL_4247458,train
msk,IL_4265224,val
msk,IL_4270024,train
msk,IL_4271814,val
msk,IL_4283448,train
msk,IL_4283510,train
msk,IL_4283852,val
msk,IL_4288269,val
msk,IL_4288482,test
msk,IL_4288910,test
msk,IL_4289350,train
msk,IL_4292140,test
msk,IL_4293310,train
msk,IL_4297385,train
msk,IL_4299283,train
msk,IL_4299631,train
msk,IL_4308496,train
msk,IL_4317832,train
msk,IL_4328273,train
msk,IL_4332061,train
msk,IL_4333424,train
msk,IL_4341427,train
msk,IL_4343940,test
msk,IL_4348828,val
msk,IL_4349522,val
msk,IL_4350435,val
msk,IL_4352486,train
msk,IL_4369322,train
msk,IL_4371195,train
msk,IL_4373176,test
msk,IL_4373736,test
msk,IL_4377550,val
msk,IL_4378730,train
msk,IL_4387571,test
msk,IL_4393979,train
msk,IL_4394736,test
msk,IL_4399206,val
msk,IL_4411133,train
msk,IL_4412876,train
msk,IL_4412974,train
msk,IL_4415249,val
msk,IL_4419350,train
msk,IL_4421202,train
msk,IL_4425222,train
msk,IL_4430788,train
msk,IL_4441149,train
msk,IL_4442758,train
msk,IL_4444248,train
msk,IL_4447002,test
msk,IL_4455541,train
msk,IL_4461517,train
msk,IL_4465769,train
msk,IL_4466487,train
msk,IL_4466930,train
msk,IL_4470017,train
msk,IL_4490207,train
msk,IL_4492562,val
msk,IL_4495878,val
msk,IL_4499054,train
msk,IL_4508208,val
msk,IL_4510096,train
msk,IL_4512716,train
msk,IL_4518574,train
msk,IL_4520336,train
msk,IL_4520749,val
msk,IL_4528751,val
msk,IL_4529955,train
msk,IL_4530807,val
msk,IL_4534612,train
msk,IL_4541773,train
msk,IL_4542409,test
msk,IL_4546070,test
msk,IL_4553060,train
msk,IL_4565810,test
msk,IL_4566393,test
msk,IL_4567937,train
msk,IL_4568808,train
msk,IL_4574611,test
msk,IL_4583227,test
msk,IL_4587974,train
msk,IL_4588768,train
msk,IL_4590714,train
msk,IL_4596391,train
msk,IL_4598447,train
msk,IL_4603781,test
msk,IL_4606041,train
msk,IL_4610501,train
msk,IL_4613111,train
msk,IL_4620756,train
msk,IL_4620833,train
msk,IL_4622319,val
msk,IL_4624605,train
msk,IL_4628130,train
msk,IL_4642935,test
msk,IL_4645786,test
msk,IL_4648584,train
msk,IL_4655506,train
msk,IL_4659966,train
msk,IL_4660080,train
msk,IL_4661598,train
msk,IL_4662057,train
msk,IL_4663140,train
msk,IL_4667525,train
msk,IL_4675846,train
msk,IL_4676948,train
msk,IL_4677057,val
msk,IL_4677225,train
msk,IL_4682223,train
msk,IL_4683673,train
msk,IL_4699447,train
msk,IL_4699473,train
msk,IL_4702399,test
msk,IL_4702517,test
msk,IL_4710120,train
msk,IL_4711751,train
msk,IL_4719962,train
msk,IL_4726098,val
msk,IL_4727068,train
msk,IL_4738600,train
msk,IL_4740276,train
msk,IL_4751764,train
msk,IL_4753899,train
msk,IL_4754087,train
msk,IL_4757854,train
msk,IL_4775055,train
msk,IL_4775391,test
msk,IL_4787431,train
msk,IL_4790981,test
msk,IL_4791100,train
msk,IL_4802463,train
msk,IL_4809278,val
msk,IL_4810075,train
msk,IL_4814652,train
msk,IL_4814993,train
msk,IL_4821206,train
msk,IL_4831370,val
msk,IL_4834310,val
msk,IL_4840754,test
msk,IL_4844572,train
msk,IL_4846091,train
msk,IL_4847649,val
msk,IL_4857015,train
msk,IL_4858393,test
msk,IL_4863045,train
msk,IL_4863116,val
msk,IL_4872966,train
msk,IL_4880057,train
msk,IL_4898296,val
msk,IL_4902027,val
msk,IL_4910036,train
msk,IL_4910702,val
msk,IL_4915254,train
msk,IL_4917546,val
msk,IL_4936250,train
msk,IL_4937315,train
msk,IL_4937597,train
msk,IL_4939463,test
msk,IL_4942782,train
msk,IL_4949219,train
msk,IL_4955569,train
msk,IL_4960019,val
msk,IL_4971802,train
msk,IL_4975463,train
msk,IL_4983307,train
msk,IL_4988095,train
msk,IL_4989541,val
msk,IL_4990293,test
msk,IL_4993469,train
msk,IL_4996723,train
msk,IL_4998379,test
msk,IL_5000914,train
msk,IL_5005164,train
msk,IL_5013574,train
msk,IL_5013987,train
msk,IL_5016915,train
msk,IL_5021625,train
msk,IL_5031791,train
msk,IL_5033930,val
msk,IL_5043135,train
msk,IL_5043229,train
msk,IL_5046005,train
msk,IL_5047314,train
msk,IL_5048152,train
msk,IL_5049571,train
msk,IL_5051727,train
msk,IL_5052767,train
msk,IL_5054448,val
msk,IL_5058077,val
msk,IL_5058437,test
msk,IL_5059756,val
msk,IL_5064705,train
msk,IL_5067418,test
msk,IL_5070929,train
msk,IL_5074917,train
msk,IL_5076655,test
msk,IL_5084855,train
msk,IL_5089254,train
msk,IL_5092274,train
msk,IL_5093196,train
msk,IL_5093772,train
msk,IL_5095111,train
msk,IL_5099363,train
msk,IL_5102306,train
msk,IL_5104147,train
msk,IL_5116002,train
msk,IL_5117004,train
msk,IL_5117769,train
msk,IL_5118019,val
msk,IL_5142207,train
msk,IL_5148836,train
msk,IL_5150098,train
msk,IL_5155945,test
msk,IL_5156442,train
msk,IL_5159843,train
msk,IL_5167421,test
msk,IL_5170514,train
msk,IL_5171197,val
msk,IL_5174939,train
msk,IL_5176085,train
msk,IL_5193070,train
msk,IL_5196557,train
msk,IL_5196585,test
msk,IL_5206857,train
msk,IL_5207639,train
msk,IL_5213308,train
msk,IL_5220015,train
msk,IL_5223911,train
msk,IL_5225366,val
msk,IL_5231586,test
msk,IL_5240501,train
msk,IL_5255361,test
msk,IL_5257306,test
msk,IL_5275237,train
msk,IL_5275289,train
msk,IL_5275454,train
msk,IL_5291707,train
msk,IL_5292892,val
msk,IL_5294173,train
msk,IL_5299461,train
msk,IL_5302100,train
msk,IL_5315840,train
msk,IL_5317790,train
msk,IL_5318725,train
msk,IL_5320579,train
msk,IL_5322390,train
msk,IL_5329668,test
msk,IL_5331384,train
msk,IL_5335198,train
msk,IL_5335294,train
msk,IL_5336972,val
msk,IL_5339011,test
msk,IL_5343995,train
msk,IL_5349342,train
msk,IL_5351477,test
msk,IL_5352966,val
msk,IL_5354766,val
msk,IL_5356026,train
msk,IL_5359572,train
msk,IL_5360151,val
msk,IL_5360798,train
msk,IL_5360854,train
msk,IL_5372520,val
msk,IL_5377556,train
msk,IL_5382142,train
msk,IL_5386066,train
msk,IL_5390074,train
msk,IL_5390101,train
msk,IL_5391276,train
msk,IL_5392429,train
msk,IL_5403152,train
msk,IL_5407819,train
msk,IL_5410131,train
msk,IL_5411425,train
msk,IL_5412038,train
msk,IL_5421522,train
msk,IL_5422132,train
msk,IL_5422274,train
msk,IL_5436103,test
msk,IL_5438045,train
msk,IL_5441431,train
msk,IL_5444374,val
msk,IL_5445238,train
msk,IL_5456631,train
msk,IL_5462397,test
msk,IL_5464551,train
msk,IL_5464915,test
msk,IL_5467191,train
msk,IL_5468364,train
msk,IL_5475570,train
msk,IL_5477327,train
msk,IL_5486428,train
msk,IL_5493407,train
msk,IL_5498632,val
msk,IL_5518433,train
msk,IL_5519079,val
msk,IL_5522452,train
msk,IL_5525557,train
msk,IL_5532414,test
msk,IL_5538652,train
msk,IL_5540127,train
msk,IL_5542065,train
msk,IL_5546986,train
msk,IL_5555158,train
msk,IL_5569656,train
msk,IL_5578741,train
msk,IL_5579653,train
msk,IL_5584356,test
msk,IL_5594231,train
msk,IL_5595713,train
msk,IL_5608956,train
msk,IL_5609654,train
msk,IL_5611413,train
msk,IL_5612281,train
msk,IL_5614077,val
msk,IL_5616478,train
msk,IL_5622129,train
msk,IL_5624958,train
msk,IL_5632280,train
msk,IL_5634408,train
msk,IL_5634732,train
msk,IL_5635614,train
msk,IL_5639795,train
msk,IL_5640902,train
msk,IL_5641693,train
msk,IL_5659303,train
msk,IL_5659410,train
msk,IL_5660378,test
msk,IL_5662260,train
msk,IL_5666744,test
msk,IL_5668350,val
msk,IL_5673477,train
msk,IL_5676113,train
msk,IL_5677102,train
msk,IL_5685527,val
msk,IL_5688483,test
msk,IL_5690448,val
msk,IL_5692871,train
msk,IL_5695812,val
msk,IL_5697267,train
msk,IL_5700996,train
msk,IL_5701319,train
msk,IL_5703627,train
msk,IL_5711937,val
msk,IL_5717020,train
msk,IL_5718445,train
msk,IL_5721308,train
msk,IL_5725167,test
msk,IL_5729901,train
msk,IL_5742812,train
msk,IL_5746903,val
msk,IL_5753512,train
msk,IL_5754771,train
msk,IL_5765149,train
msk,IL_5776582,train
msk,IL_5784506,train
msk,IL_5789935,train
msk,IL_5791488,test
msk,IL_5791859,val
msk,IL_5792951,train
msk,IL_5800287,train
msk,IL_5808262,test
msk,IL_5809669,train
msk,IL_5812918,test
msk,IL_5826030,train
msk,IL_5834572,train
msk,IL_5836365,train
msk,IL_5852255,train
msk,IL_5855961,train
msk,IL_5868678,val
msk,IL_5873386,val
msk,IL_5877980,val
msk,IL_5888249,test
msk,IL_5892228,train
msk,IL_5898494,train
msk,IL_5900280,train
msk,IL_5907710,train
msk,IL_5917522,train
msk,IL_5918040,train
msk,IL_5924115,train
msk,IL_5927519,train
msk,IL_5927818,train
msk,IL_5931814,train
msk,IL_5943456,test
msk,IL_5951488,train
msk,IL_5959802,train
msk,IL_5963141,train
msk,IL_5970544,train
msk,IL_5977277,train
msk,IL_5977875,train
msk,IL_5982868,train
msk,IL_5991746,train
msk,IL_5999336,train
msk,IL_6006864,test
msk,IL_6012124,train
msk,IL_6012554,train
msk,IL_6014776,train
msk,IL_6016510,test
msk,IL_6034824,train
msk,IL_6039768,test
msk,IL_6048268,train
msk,IL_6050130,train
msk,IL_6057176,train
msk,IL_6064258,train
msk,IL_6070723,train
msk,IL_6073503,train
msk,IL_6077203,train
msk,IL_6093858,train
msk,IL_6095357,train
msk,IL_6100241,train
msk,IL_6100535,train
msk,IL_6102655,train
msk,IL_6107010,train
msk,IL_6110243,test
msk,IL_6113558,test
msk,IL_6115035,train
msk,IL_6115240,train
msk,IL_6141046,val
msk,IL_6143170,train
msk,IL_6144734,train
msk,IL_6152707,train
msk,IL_6158936,test
msk,IL_6161812,test
msk,IL_6176063,test
msk,IL_6189985,test
msk,IL_6209244,train
msk,IL_6212392,train
msk,IL_6215833,test
msk,IL_6236075,train
msk,IL_6243618,train
msk,IL_6251761,train
msk,IL_6265817,train
msk,IL_6268917,train
msk,IL_6269909,train
msk,IL_6270299,train
msk,IL_6273476,train
msk,IL_6273896,train
msk,IL_6279207,train
msk,IL_6279471,train
msk,IL_6287416,train
msk,IL_6298229,train
msk,IL_6301291,test
msk,IL_6314238,train
msk,IL_6316084,train
msk,IL_6326773,train
msk,IL_6326972,train
msk,IL_6332741,train
msk,IL_6333295,test
msk,IL_6338040,val
msk,IL_6341492,train
msk,IL_6342415,train
msk,IL_6346578,val
msk,IL_6348786,train
msk,IL_6356392,train
msk,IL_6364220,train
msk,IL_6369623,train
msk,IL_6372664,train
msk,IL_6374849,test
msk,IL_6388473,train
msk,IL_6392785,train
msk,IL_6396388,val
msk,IL_6396453,train
msk,IL_6402157,train
msk,IL_6407091,train
msk,IL_6407945,train
msk,IL_6408601,val
msk,IL_6421978,train
msk,IL_6431548,train
msk,IL_6434973,train
msk,IL_6443733,train
msk,IL_6445254,train
msk,IL_6449238,train
msk,IL_6450146,test
msk,IL_6450610,test
msk,IL_6458418,test
msk,IL_6461577,val
msk,IL_6475200,test
msk,IL_6477313,train
msk,IL_6479246,train
msk,IL_6485312,train
msk,IL_6486015,train
msk,IL_6493763,train
msk,IL_6499067,train
msk,IL_6499982,train
msk,IL_6502142,train
msk,IL_6502595,train
msk,IL_6506225,val
msk,IL_6517442,train
msk,IL_6522583,test
msk,IL_6524001,test
msk,IL_6531623,train
msk,IL_6543194,val
msk,IL_6543272,train
msk,IL_6545892,val
msk,IL_6575538,val
msk,IL_6575712,train
msk,IL_6575958,train
msk,IL_6579541,train
msk,IL_6592681,train
msk,IL_6596752,val
msk,IL_6599295,train
msk,IL_6599597,train
msk,IL_6600114,test
msk,IL_6600535,train
msk,IL_6601266,train
msk,IL_6607412,train
msk,IL_6607670,test
msk,IL_6608937,train
msk,IL_6609369,test
msk,IL_6613464,train
msk,IL_6614719,train
msk,IL_6620469,train
msk,IL_6621076,train
msk,IL_6623887,test
msk,IL_6635629,train
msk,IL_6638670,train
msk,IL_6642290,train
msk,IL_6653179,train
msk,IL_6661456,train
msk,IL_6677156,train
msk,IL_6682166,train
msk,IL_6689869,train
msk,IL_6695291,test
msk,IL_6698045,train
msk,IL_6700191,test
msk,IL_6703079,train
msk,IL_6706268,val
msk,IL_6706989,train
msk,IL_6710381,train
msk,IL_6718915,val
msk,IL_6719496,train
msk,IL_6719866,train
msk,IL_6725921,val
msk,IL_6728561,train
msk,IL_6730305,test
msk,IL_6732554,train
msk,IL_6737646,train
msk,IL_6740921,val
msk,IL_6746105,train
msk,IL_6759447,train
msk,IL_6774252,train
msk,IL_6774346,train
msk,IL_6778141,val
msk,IL_6783941,train
msk,IL_6787361,test
msk,IL_6794957,val
msk,IL_6796679,train
msk,IL_6796691,train
msk,IL_6800071,train
msk,IL_6803681,train
msk,IL_6809424,test
msk,IL_6813031,test
msk,IL_6814228,train
msk,IL_6814269,train
msk,IL_6823194,test
msk,IL_6829513,train
msk,IL_6834088,train
msk,IL_6837861,train
msk,IL_6843464,train
msk,IL_6856800,test
msk,IL_6857050,train
msk,IL_6859392,test
msk,IL_6864076,train
msk,IL_6865821,train
msk,IL_6871961,train
msk,IL_6881218,train
msk,IL_6881922,train
msk,IL_6882151,val
msk,IL_6890853,train
msk,IL_6891214,train
msk,IL_6899925,train
msk,IL_6903358,train
msk,IL_6907695,train
msk,IL_6907956,test
msk,IL_6909312,train
msk,IL_6910881,train
msk,IL_6917985,train
msk,IL_6919754,train
msk,IL_6919837,train
msk,IL_6921210,train
msk,IL_6921838,train
msk,IL_6922908,train
msk,IL_6925537,train
msk,IL_6936243,train
msk,IL_6937786,train
msk,IL_6938289,test
msk,IL_6939993,train
msk,IL_6943748,train
msk,IL_6946089,train
msk,IL_6954575,test
msk,IL_6958848,train
msk,IL_6958963,train
msk,IL_6974624,val
msk,IL_6975223,train
msk,IL_6976939,train
msk,IL_6979007,val
msk,IL_6979890,train
msk,IL_6980841,val
msk,IL_6985239,test
msk,IL_6989329,test
msk,IL_6990631,train
msk,IL_6993028,test
msk,IL_7001486,train
msk,IL_7008284,train
msk,IL_7014512,test
msk,IL_7022453,train
msk,IL_7030607,val
msk,IL_7034485,test
msk,IL_7046796,val
msk,IL_7057585,train
msk,IL_7065493,train
msk,IL_7068358,test
msk,IL_7068691,train
msk,IL_7071205,test
msk,IL_7071211,val
msk,IL_7071828,val
msk,IL_7076610,train
msk,IL_7081892,test
msk,IL_7081941,val
msk,IL_7092122,train
msk,IL_7094500,val
msk,IL_7095004,train
msk,IL_7095711,train
msk,IL_7098352,train
msk,IL_7099105,train
msk,IL_7102402,train
msk,IL_7103860,train
msk,IL_7104373,train
msk,IL_7114869,train
msk,IL_7121184,train
msk,IL_7131378,val
msk,IL_7134105,test
msk,IL_7134185,train
msk,IL_7134565,test
msk,IL_7136603,val
msk,IL_7141751,train
msk,IL_7144641,train
msk,IL_7145284,test
msk,IL_7149493,val
msk,IL_7151974,train
msk,IL_7152761,val
msk,IL_7154098,train
msk,IL_7155592,train
msk,IL_7173103,train
msk,IL_7176181,train
msk,IL_7182834,train
msk,IL_7185147,train
msk,IL_7188227,train
msk,IL_7189216,test
msk,IL_7195789,val
msk,IL_7204244,train
msk,IL_7207196,train
msk,IL_7208719,train
msk,IL_7209949,train
msk,IL_7213898,test
msk,IL_7226635,train
msk,IL_7230975,train
msk,IL_7236892,val
msk,IL_7237613,test
msk,IL_7243167,train
msk,IL_7252066,train
msk,IL_7265542,train
msk,IL_7267616,train
msk,IL_7268868,train
msk,IL_7274045,train
msk,IL_7276935,train
msk,IL_7289875,val
msk,IL_7292483,test
msk,IL_7298419,test
msk,IL_7301389,val
msk,IL_7310180,test
msk,IL_7311109,test
msk,IL_7320331,train
msk,IL_7320754,train
msk,IL_7321165,train
msk,IL_7322271,test
msk,IL_7332720,test
msk,IL_7332899,train
msk,IL_7336161,test
msk,IL_7337497,test
msk,IL_7340147,train
msk,IL_7340569,train
msk,IL_7340795,train
msk,IL_7364449,train
msk,IL_7369605,test
msk,IL_7374266,train
msk,IL_7394947,train
msk,IL_7403331,train
msk,IL_7407714,train
msk,IL_7410041,train
msk,IL_7410450,test
msk,IL_7410734,train
msk,IL_7416071,train
msk,IL_7421494,test
msk,IL_7423663,train
msk,IL_7438809,train
msk,IL_7446160,test
msk,IL_7449056,test
msk,IL_7449566,train
msk,IL_7449781,val
msk,IL_7451075,train
msk,IL_7454211,test
msk,IL_7456566,val
msk,IL_7459441,test
msk,IL_7461083,train
msk,IL_7463470,train
msk,IL_7471700,test
msk,IL_7473543,train
msk,IL_7473586,val
msk,IL_7482285,train
msk,IL_7492093,test
msk,IL_7502135,train
msk,IL_7505873,train
msk,IL_7514691,train
msk,IL_7514984,val
msk,IL_7516792,train
msk,IL_7534909,train
msk,IL_7537588,train
msk,IL_7538627,train
msk,IL_7539930,train
msk,IL_7542602,train
msk,IL_7551423,train
msk,IL_7551765,train
msk,IL_7552692,train
msk,IL_7554843,val
msk,IL_7558231,train
msk,IL_7559842,train
msk,IL_7562782,train
msk,IL_7564407,test
msk,IL_7564583,train
msk,IL_7566566,test
msk,IL_7569897,train
msk,IL_7574650,train
msk,IL_7577935,val
msk,IL_7585353,train
msk,IL_7589295,train
msk,IL_7593069,train
msk,IL_7594902,train
msk,IL_7599062,train
msk,IL_7599315,train
msk,IL_7601729,train
msk,IL_7602542,train
msk,IL_7608879,train
msk,IL_7610526,test
msk,IL_7611023,val
msk,IL_7611283,train
msk,IL_7616968,train
msk,IL_7624302,train
msk,IL_7632982,train
msk,IL_7635316,train
msk,IL_7636625,train
msk,IL_7643933,train
msk,IL_7651038,test
msk,IL_7671250,train
msk,IL_7673159,val
msk,IL_7673546,val
msk,IL_7673933,train
msk,IL_7678806,train
msk,IL_7681926,train
msk,IL_7690405,train
msk,IL_7692217,train
msk,IL_7703797,train
msk,IL_7707071,val
msk,IL_7707833,train
msk,IL_7716057,train
msk,IL_7716063,train
msk,IL_7717408,train
msk,IL_7720133,train
msk,IL_7720266,train
msk,IL_7722736,train
msk,IL_7726930,train
msk,IL_7729336,train
msk,IL_7739720,train
msk,IL_7748723,train
msk,IL_7756451,train
msk,IL_7758782,train
msk,IL_7759302,train
msk,IL_7761462,val
msk,IL_7764444,train
msk,IL_7767084,test
msk,IL_7767472,train
msk,IL_7767694,train
msk,IL_7773788,train
msk,IL_7778158,train
msk,IL_7779242,train
msk,IL_7782872,train
msk,IL_7783321,val
msk,IL_7787789,val
msk,IL_7795723,test
msk,IL_7799856,test
msk,IL_7800855,train
msk,IL_7801472,train
msk,IL_7802096,train
msk,IL_7810472,train
msk,IL_7821449,val
msk,IL_7822834,train
msk,IL_7825852,train
msk,IL_7826077,train
msk,IL_7830339,test
msk,IL_7835064,train
msk,IL_7837048,train
msk,IL_7843883,test
msk,IL_7844208,train
msk,IL_7845472,train
msk,IL_7845637,train
msk,IL_7849040,train
msk,IL_7849499,train
msk,IL_7856255,train
msk,IL_7862017,train
msk,IL_7863876,train
msk,IL_7865779,train
msk,IL_7868477,val
msk,IL_7868656,train
msk,IL_7877426,train
msk,IL_7881371,train
msk,IL_7884924,train
msk,IL_7892964,val
msk,IL_7896755,train
msk,IL_7897625,train
msk,IL_7907475,train
msk,IL_7910577,train
msk,IL_7913086,train
msk,IL_7916048,train
msk,IL_7917650,test
msk,IL_7919561,val
msk,IL_7921530,train
msk,IL_7925961,test
msk,IL_7937986,train
msk,IL_7942713,train
msk,IL_7949907,test
msk,IL_7951935,train
msk,IL_7953100,train
msk,IL_7955357,train
msk,IL_7958009,train
msk,IL_7961889,train
msk,IL_7965178,train
msk,IL_7966822,train
msk,IL_7966848,train
msk,IL_7968625,train
msk,IL_7969926,train
msk,IL_7970848,train
msk,IL_7985229,val
msk,IL_7985519,train
msk,IL_7986802,train
msk,IL_7988667,test
msk,IL_7991685,train
msk,IL_7992458,train
msk,IL_7994405,train
msk,IL_8005428,train
msk,IL_8008570,train
msk,IL_8013420,val
msk,IL_8015866,train
msk,IL_8016714,train
msk,IL_8020861,train
msk,IL_8020900,train
msk,IL_8023013,train
msk,IL_8025361,val
msk,IL_8030760,train
msk,IL_8034012,val
msk,IL_8036611,train
msk,IL_8037538,test
msk,IL_8040823,train
msk,IL_8043627,train
msk,IL_8047433,test
msk,IL_8051063,test
msk,IL_8062805,train
msk,IL_8063828,train
msk,IL_8075617,train
msk,IL_8076907,train
msk,IL_8084183,train
msk,IL_8090866,train
msk,IL_8096833,train
msk,IL_8111857,val
msk,IL_8116955,train
msk,IL_8121488,train
msk,IL_8134140,train
msk,IL_8141906,train
msk,IL_8143451,train
msk,IL_8146361,train
msk,IL_8150218,val
msk,IL_8187439,train
msk,IL_8187568,val
msk,IL_8188013,train
msk,IL_8198863,val
msk,IL_8199399,train
msk,IL_8201184,train
msk,IL_8201519,train
msk,IL_8204452,train
msk,IL_8209586,val
msk,IL_8214388,val
msk,IL_8218158,val
msk,IL_8221663,train
msk,IL_8223171,train
msk,IL_8224568,train
msk,IL_8224752,train
msk,IL_8231208,train
msk,IL_8239393,train
msk,IL_8247538,train
msk,IL_8248158,train
msk,IL_8255219,train
msk,IL_8257357,test
msk,IL_8262753,train
msk,IL_8265409,train
msk,IL_8266079,train
msk,IL_8270416,train
msk,IL_8273286,train
msk,IL_8275855,train
msk,IL_8276300,train
msk,IL_8277002,train
msk,IL_8279767,train
msk,IL_8281191,train
msk,IL_8282195,train
msk,IL_8283118,train
msk,IL_8284515,train
msk,IL_8289934,train
msk,IL_8306127,train
msk,IL_8308133,train
msk,IL_8315691,train
msk,IL_8319076,test
msk,IL_8320033,train
msk,IL_8324129,train
msk,IL_8328754,train
msk,IL_8330218,train
msk,IL_8332224,train
msk,IL_8334538,test
msk,IL_8334568,val
msk,IL_8334834,test
msk,IL_8335375,test
msk,IL_8340443,test
msk,IL_8345340,train
msk,IL_8348173,train
msk,IL_8350773,train
msk,IL_8351450,train
msk,IL_8351788,train
msk,IL_8351969,train
msk,IL_8358274,train
msk,IL_8360355,test
msk,IL_8365175,train
msk,IL_8369221,val
msk,IL_8370690,train
msk,IL_8370749,val
msk,IL_8373348,train
msk,IL_8399716,train
msk,IL_8403623,train
msk,IL_8403667,train
msk,IL_8406199,train
msk,IL_8422912,train
msk,IL_8429560,val
msk,IL_8430898,val
msk,IL_8437022,train
msk,IL_8437790,val
msk,IL_8440963,test
msk,IL_8442807,test
msk,IL_8444989,train
msk,IL_8447745,train
msk,IL_8450961,test
msk,IL_8452552,val
msk,IL_8453254,val
msk,IL_8455499,train
msk,IL_8468914,train
msk,IL_8474386,train
msk,IL_8478757,train
msk,IL_8483707,train
msk,IL_8488163,train
msk,IL_8498118,test
msk,IL_8501675,train
msk,IL_8504933,train
msk,IL_8508401,val
msk,IL_8508654,train
msk,IL_8514628,val
msk,IL_8517824,train
msk,IL_8531029,train
msk,IL_8538388,test
msk,IL_8539574,train
msk,IL_8539763,test
msk,IL_8561856,train
msk,IL_8564251,train
msk,IL_8566566,train
msk,IL_8566815,train
msk,IL_8582857,train
msk,IL_8585508,test
msk,IL_8593925,train
msk,IL_8597404,val
msk,IL_8599278,train
msk,IL_8602829,train
msk,IL_8604445,train
msk,IL_8610690,train
msk,IL_8611186,train
msk,IL_8611374,train
msk,IL_8612246,train
msk,IL_8614848,train
msk,IL_8618592,train
msk,IL_8621491,train
msk,IL_8626900,val
msk,IL_8634456,train
msk,IL_8637483,train
msk,IL_8650334,train
msk,IL_8654582,train
msk,IL_8655395,val
msk,IL_8656691,test
msk,IL_8661577,train
msk,IL_8669993,train
msk,IL_8670350,train
msk,IL_8673645,test
msk,IL_8679946,train
msk,IL_8682190,train
msk,IL_8684248,test
msk,IL_8685597,train
msk,IL_8687682,train
msk,IL_8690163,train
msk,IL_8691079,train
msk,IL_8697414,train
msk,IL_8705713,train
msk,IL_8705945,val
msk,IL_8716251,train
msk,IL_8719874,train
msk,IL_8721956,train
msk,IL_8724663,train
msk,IL_8730171,train
msk,IL_8740570,train
msk,IL_8745788,train
msk,IL_8755089,test
msk,IL_8761420,train
msk,IL_8769321,test
msk,IL_8774044,train
msk,IL_8774340,train
msk,IL_8778779,train
msk,IL_8779031,test
msk,IL_8789267,val
msk,IL_8798192,train
msk,IL_8798801,train
msk,IL_8799870,train
msk,IL_8808507,test
msk,IL_8810634,train
msk,IL_8811451,train
msk,IL_8814799,train
msk,IL_8821221,train
msk,IL_8821971,train
msk,IL_8825244,train
msk,IL_8826336,val
msk,IL_8829207,val
msk,IL_8831919,train
msk,IL_8846347,val
msk,IL_8848361,val
msk,IL_8852371,test
msk,IL_8852839,val
msk,IL_8854682,train
msk,IL_8858205,val
msk,IL_8858334,train
msk,IL_8865244,val
msk,IL_8869838,train
msk,IL_8870856,train
msk,IL_8879442,test
msk,IL_8882345,test
msk,IL_8888243,train
msk,IL_8895483,train
msk,IL_8895894,test
msk,IL_8903752,val
msk,IL_8915480,train
msk,IL_8918087,val
msk,IL_8927927,train
msk,IL_8933244,train
msk,IL_8934451,train
msk,IL_8937145,train
msk,IL_8939413,train
msk,IL_8941447,train
msk,IL_8948255,train
msk,IL_8954362,train
msk,IL_8955160,train
msk,IL_8958238,train
msk,IL_8962985,train
msk,IL_8965036,val
msk,IL_8971169,train
msk,IL_8974251,train
msk,IL_8974454,train
msk,IL_8978394,train
msk,IL_8980828,train
msk,IL_8989535,train
msk,IL_8989906,test
msk,IL_8992989,train
msk,IL_8993230,train
msk,IL_8995289,test
msk,IL_8997867,train
msk,IL_9000690,test
msk,IL_9001902,train
msk,IL_9004049,test
msk,IL_9006091,train
msk,IL_9008145,test
msk,IL_9009312,train
msk,IL_9016226,val
msk,IL_9017716,test
msk,IL_9020728,train
msk,IL_9021540,train
msk,IL_9025611,val
msk,IL_9026467,train
msk,IL_9038712,val
msk,IL_9043589,val
msk,IL_9043840,train
msk,IL_9044462,test
msk,IL_9054876,train
msk,IL_9055295,test
msk,IL_9060602,test
msk,IL_9061716,val
msk,IL_9062929,train
msk,IL_9063082,val
msk,IL_9064277,train
msk,IL_9066254,val
msk,IL_9068234,train
msk,IL_9090741,test
msk,IL_9095203,train
msk,IL_9095500,test
msk,IL_9096713,train
msk,IL_9113038,train
msk,IL_9119080,train
msk,IL_9124311,train
msk,IL_9127418,train
msk,IL_9129181,train
msk,IL_9129673,train
msk,IL_9133272,train
msk,IL_9133655,val
msk,IL_9134660,train
msk,IL_9136543,train
msk,IL_9138071,train
msk,IL_9138951,val
msk,IL_9142293,test
msk,IL_9148862,train
msk,IL_9155836,train
msk,IL_9159716,train
msk,IL_9166804,train
msk,IL_9172132,train
msk,IL_9176101,train
msk,IL_9177804,train
msk,IL_9179014,train
msk,IL_9183342,train
msk,IL_9185108,train
msk,IL_9189379,train
msk,IL_9189446,train
msk,IL_9192074,train
msk,IL_9193890,train
msk,IL_9205240,val
msk,IL_9205409,val
msk,IL_9226834,train
msk,IL_9229968,train
msk,IL_9239636,val
msk,IL_9241607,train
msk,IL_9241701,train
msk,IL_9246830,train
msk,IL_9254366,val
msk,IL_9260397,train
msk,IL_9273672,val
msk,IL_9275309,val
msk,IL_9279802,test
msk,IL_9286916,test
msk,IL_9287667,train
msk,IL_9288972,train
msk,IL_9292836,val
msk,IL_9296364,train
msk,IL_9299597,train
msk,IL_9302890,train
msk,IL_9304546,train
msk,IL_9306591,train
msk,IL_9307445,train
msk,IL_9312793,test
msk,IL_9320857,val
msk,IL_9334504,train
msk,IL_9339851,train
msk,IL_9346753,val
msk,IL_9346921,train
msk,IL_9348040,train
msk,IL_9359256,train
msk,IL_9360343,train
msk,IL_9360350,val
msk,IL_9362384,test
msk,IL_9364272,train
msk,IL_9364684,train
msk,IL_9372858,val
msk,IL_9374989,train
msk,IL_9381628,train
msk,IL_9381946,train
msk,IL_9383429,test
msk,IL_9388437,test
msk,IL_9388553,train
msk,IL_9392470,train
msk,IL_9407331,train
msk,IL_9412845,val
msk,IL_9416986,train
msk,IL_9418481,train
msk,IL_9421949,val
msk,IL_9432313,val
msk,IL_9435288,train
msk,IL_9438759,train
msk,IL_9440227,test
msk,IL_9440286,train
msk,IL_9443044,train
msk,IL_9467587,val
msk,IL_9472033,val
msk,IL_9472932,test
msk,IL_9478625,train
msk,IL_9478805,train
msk,IL_9479814,train
msk,IL_9483339,train
msk,IL_9486723,test
msk,IL_9489364,train
msk,IL_9492522,test
msk,IL_9493284,val
msk,IL_9494362,train
msk,IL_9499794,train
msk,IL_9499842,val
msk,IL_9502673,train
msk,IL_9512109,val
msk,IL_9521924,train
msk,IL_9521975,train
msk,IL_9522089,train
msk,IL_9525229,train
msk,IL_9527923,train
msk,IL_9532642,test
msk,IL_9535438,val
msk,IL_9551395,train
msk,IL_9558118,train
msk,IL_9572905,train
msk,IL_9591684,train
msk,IL_9602284,test
msk,IL_9606125,train
msk,IL_9607328,train
msk,IL_9623112,train
msk,IL_9630795,train
msk,IL_9632690,train
msk,IL_9650912,train
msk,IL_9653446,train
msk,IL_9655522,val
msk,IL_9673354,val
msk,IL_9683174,train
msk,IL_9685248,test
msk,IL_9687101,test
msk,IL_9687592,test
msk,IL_9690818,val
msk,IL_9708493,val
msk,IL_9713041,train
msk,IL_9723516,test
msk,IL_9725302,train
msk,IL_9726479,test
msk,IL_9730958,train
msk,IL_9730977,train
msk,IL_9737055,train
msk,IL_9737316,train
msk,IL_9737960,train
msk,IL_9740929,train
msk,IL_9744886,train
msk,IL_9748507,train
msk,IL_9752189,test
msk,IL_9753559,train
msk,IL_9761710,train
msk,IL_9763680,train
msk,IL_9765706,val
msk,IL_9769689,train
msk,IL_9774088,train
msk,IL_9774219,train
msk,IL_9775187,test
msk,IL_9780035,train
msk,IL_9783346,val
msk,IL_9784463,train
msk,IL_9791249,train
msk,IL_9792141,train
msk,IL_9794108,train
msk,IL_9800016,train
msk,IL_9803020,train
msk,IL_9803345,val
msk,IL_9804915,train
msk,IL_9821732,train
msk,IL_9823391,train
msk,IL_9824569,train
msk,IL_9827254,test
msk,IL_9838387,train
msk,IL_9845879,train
msk,IL_9848476,train
msk,IL_9848869,train
msk,IL_9860161,train
msk,IL_9874563,train
msk,IL_9875158,test
msk,IL_9882198,train
msk,IL_9888474,val
msk,IL_9894054,train
msk,IL_9899251,test
msk,IL_9901746,train
msk,IL_9901772,val
msk,IL_9908119,val
msk,IL_9910664,train
msk,IL_9919639,val
msk,IL_9922482,test
msk,IL_9927109,val
msk,IL_9927492,train
msk,IL_9929261,val
msk,IL_9934171,train
msk,IL_9936009,train
msk,IL_9938731,train
msk,IL_9939679,train
msk,IL_9941908,train
msk,IL_9941941,train
msk,IL_9946473,train
msk,IL_9948462,train
msk,IL_9948787,val
msk,IL_9951862,train
msk,IL_9951863,train
msk,IL_9957310,train
msk,IL_9962585,train
msk,IL_9963756,train
msk,IL_9975933,train
msk,IL_9977582,train
msk,IL_9978481,val
msk,IL_9980963,train
msk,IL_9981630,train
msk,IL_9984728,val
msk,IL_9985458,train
msk,IL_9987685,train
msk,IL_9997019,train
msk,IL_9999998,train
msk,ISIC_0015936,train
msk,ISIC_0015937,test
msk,ISIC_0015938,train
msk,ISIC_0015939,val
msk,ISIC_0015940,train
msk,ISIC_0015941,train
msk,ISIC_0015942,train
msk,ISIC_0015943,val
msk,ISIC_0015944,val
msk,ISIC_0015945,train
msk,ISIC_0015946,train
msk,ISIC_0015947,train
msk,ISIC_0015948,train
msk,ISIC_0015949,val
msk,ISIC_0015950,train
msk,ISIC_0015951,train
msk,ISIC_0015952,test
msk,ISIC_0015953,train
msk,ISIC_0015954,train
msk,ISIC_0015955,train
msk,ISIC_0015956,train
msk,ISIC_0015957,test
msk,ISIC_0015958,val
msk,ISIC_0015959,train
msk,ISIC_0015960,train
msk,ISIC_0015961,test
msk,ISIC_0015962,val
msk,ISIC_0015963,train
msk,ISIC_0015964,train
msk,ISIC_0015965,val
msk,ISIC_0015966,train
msk,ISIC_0015967,val
msk,ISIC_0015968,val
msk,ISIC_0015969,test
msk,ISIC_0015970,train
msk,ISIC_0015971,train
msk,ISIC_0015972,val
msk,ISIC_0015973,val
msk,ISIC_0015974,train
msk,ISIC_0015975,train
msk,ISIC_0015976,val
msk,ISIC_0015977,test
msk,ISIC_0015978,train
msk,ISIC_0015979,train
msk,ISIC_0015980,val
msk,ISIC_0015981,test
msk,ISIC_0015982,train
msk,ISIC_0015983,train
msk,ISIC_0015984,train
msk,ISIC_0015985,test
msk,ISIC_0015986,train
msk,ISIC_0015987,train
msk,ISIC_0015988,train
msk,ISIC_0015989,val
msk,ISIC_0015990,test
msk,ISIC_0015991,train
msk,ISIC_0015992,train
msk,ISIC_0015993,test
msk,ISIC_0015994,train
msk,ISIC_0015995,test
msk,ISIC_0015996,train
msk,ISIC_0015997,train
msk,ISIC_0015998,train
msk,ISIC_0015999,train
msk,ISIC_0016000,val
msk,ISIC_0016001,train
msk,ISIC_0016002,train
msk,ISIC_0016003,train
msk,ISIC_0016004,train
msk,ISIC_0016005,train
msk,ISIC_0016006,train
msk,ISIC_0016007,test
msk,ISIC_0016008,train
msk,ISIC_0016009,train
msk,ISIC_0016010,train
msk,ISIC_0016011,train
msk,ISIC_0016012,train
msk,ISIC_0016013,test
msk,ISIC_0016014,train
msk,ISIC_0016015,train
msk,ISIC_0016016,train
msk,ISIC_0016017,val
msk,ISIC_0016018,train
msk,ISIC_0016019,train
msk,ISIC_0016020,train
msk,ISIC_0016021,test
msk,ISIC_0016022,train
msk,ISIC_0016023,train
msk,ISIC_0016024,val
msk,ISIC_0016025,train
msk,ISIC_0016026,train
msk,ISIC_0016027,train
msk,ISIC_0016028,val
msk,ISIC_0016029,val
msk,ISIC_0016030,test
msk,ISIC_0016031,train
msk,ISIC_0016032,train
msk,ISIC_0016033,test
msk,ISIC_0016034,train
msk,ISIC_0016035,test
msk,ISIC_0016036,val
msk,ISIC_0016037,train
msk,ISIC_0016038,test
msk,ISIC_0016039,train
msk,ISIC_0016040,train
msk,ISIC_0016041,train
msk,ISIC_0016042,train
msk,ISIC_0016043,train
msk,ISIC_0016044,train
msk,ISIC_0016045,train
msk,ISIC_0016046,train
msk,ISIC_0016047,val
msk,ISIC_0016048,test
msk,ISIC_0016049,train
msk,ISIC_0016050,train
msk,ISIC_0016051,train
msk,ISIC_0016052,train
msk,ISIC_0016053,val
msk,ISIC_0016054,train
msk,ISIC_0016055,train
msk,ISIC_0016056,train
msk,ISIC_0016057,train
msk,ISIC_0016058,train
msk,ISIC_0016059,train
msk,ISIC_0016060,test
msk,ISIC_0016061,train
msk,ISIC_0016062,train
msk,ISIC_0016063,train
msk,ISIC_0016064,train
msk,ISIC_0016065,train
msk,ISIC_0016066,val
msk,ISIC_0016067,test
msk,ISIC_0016068,test
msk,ISIC_0016069,train
msk,ISIC_0016070,test
msk,ISIC_0016071,val
msk,ISIC_0016072,test
